***;Taurus EVB;6;5;R 764;Beroun;Karlstejn;0,6;Forward;Forward;200;3300
***;Ragulin;4;3;N 31 54 597 5 004;Beroun;Karlstejn;0,8;Forward;Forward;5200;3600
***;Desiero DB642 133-3;1;2;Os 8845;Beroun;Karlstejn,hrad;1;Backward;Forward;900;1500
Os 8845;Beroun;Karlstejn,hrad;0:00:15;;;;;;;;
R 764;Karlstejn;Beroun;0:01:15;;;;;;;;
N 31 54 597 5 004;Beroun;Karlstejn;0:02:15;;;;;;;;
Os 8845;Karlstejn,hrad;Beroun;0:03:15;;;;;;;;
N 31 54 597 5 004;Karlstejn;Beroun;0:04:15;;;;;;;;
R 764;Beroun;Karlstejn;0:05:15;;;;;;;;
Os 8845;Beroun;Karlstejn,hrad;0:06:15;;;;;;;;
R 764;Karlstejn;Beroun;0:07:15;;;;;;;;
N 31 54 597 5 004;Beroun;Karlstejn;0:08:15;;;;;;;;
Os 8845;Karlstejn,hrad;Beroun;0:09:15;;;;;;;;
N 31 54 597 5 004;Karlstejn;Beroun;0:10:15;;;;;;;;
R 764;Beroun;Karlstejn;0:11:15;;;;;;;;
Os 8845;Beroun;Karlstejn,hrad;0:12:15;;;;;;;;
R 764;Karlstejn;Beroun;0:13:15;;;;;;;;
N 31 54 597 5 004;Beroun;Karlstejn;0:14:15;;;;;;;;
Os 8845;Karlstejn,hrad;Beroun;0:15:15;;;;;;;;
N 31 54 597 5 004;Karlstejn;Beroun;0:16:15;;;;;;;;
R 764;Beroun;Karlstejn;0:17:15;;;;;;;;
Os 8845;Beroun;Karlstejn,hrad;0:18:15;;;;;;;;
R 764;Karlstejn;Beroun;0:19:15;;;;;;;;
N 31 54 597 5 004;Beroun;Karlstejn;0:20:15;;;;;;;;
Os 8845;Karlstejn,hrad;Beroun;0:21:15;;;;;;;;
N 31 54 597 5 004;Karlstejn;Beroun;0:22:15;;;;;;;;
R 764;Beroun;Karlstejn;0:23:15;;;;;;;;
Os 8845;Beroun;Karlstejn,hrad;0:24:15;;;;;;;;
R 764;Karlstejn;Beroun;0:25:15;;;;;;;;
N 31 54 597 5 004;Beroun;Karlstejn;0:26:15;;;;;;;;
Os 8845;Karlstejn,hrad;Beroun;0:27:15;;;;;;;;
N 31 54 597 5 004;Karlstejn;Beroun;0:28:15;;;;;;;;
R 764;Beroun;Karlstejn;0:29:15;;;;;;;;
Os 8845;Beroun;Karlstejn,hrad;0:30:15;;;;;;;;
R 764;Karlstejn;Beroun;0:31:15;;;;;;;;
N 31 54 597 5 004;Beroun;Karlstejn;0:32:15;;;;;;;;
Os 8845;Karlstejn,hrad;Beroun;0:33:15;;;;;;;;
N 31 54 597 5 004;Karlstejn;Beroun;0:34:15;;;;;;;;
R 764;Beroun;Karlstejn;0:35:15;;;;;;;;
Os 8845;Beroun;Karlstejn,hrad;0:36:15;;;;;;;;
R 764;Karlstejn;Beroun;0:37:15;;;;;;;;
N 31 54 597 5 004;Beroun;Karlstejn;0:38:15;;;;;;;;
Os 8845;Karlstejn,hrad;Beroun;0:39:15;;;;;;;;
N 31 54 597 5 004;Karlstejn;Beroun;0:40:15;;;;;;;;
R 764;Beroun;Karlstejn;0:41:15;;;;;;;;
Os 8845;Beroun;Karlstejn,hrad;0:42:15;;;;;;;;
R 764;Karlstejn;Beroun;0:43:15;;;;;;;;
N 31 54 597 5 004;Beroun;Karlstejn;0:44:15;;;;;;;;
Os 8845;Karlstejn,hrad;Beroun;0:45:15;;;;;;;;
N 31 54 597 5 004;Karlstejn;Beroun;0:46:15;;;;;;;;
R 764;Beroun;Karlstejn;0:47:15;;;;;;;;
Os 8845;Beroun;Karlstejn,hrad;0:48:15;;;;;;;;
R 764;Karlstejn;Beroun;0:49:15;;;;;;;;
N 31 54 597 5 004;Beroun;Karlstejn;0:50:15;;;;;;;;
Os 8845;Karlstejn,hrad;Beroun;0:51:15;;;;;;;;
N 31 54 597 5 004;Karlstejn;Beroun;0:52:15;;;;;;;;
R 764;Beroun;Karlstejn;0:53:15;;;;;;;;
Os 8845;Beroun;Karlstejn,hrad;0:54:15;;;;;;;;
R 764;Karlstejn;Beroun;0:55:15;;;;;;;;
N 31 54 597 5 004;Beroun;Karlstejn;0:56:15;;;;;;;;
Os 8845;Karlstejn,hrad;Beroun;0:57:15;;;;;;;;
N 31 54 597 5 004;Karlstejn;Beroun;0:58:15;;;;;;;;
R 764;Beroun;Karlstejn;0:59:15;;;;;;;;
Os 8845;Beroun;Karlstejn,hrad;1:00:15;;;;;;;;
R 764;Karlstejn;Beroun;1:01:15;;;;;;;;
N 31 54 597 5 004;Beroun;Karlstejn;1:02:15;;;;;;;;
Os 8845;Karlstejn,hrad;Beroun;1:03:15;;;;;;;;
N 31 54 597 5 004;Karlstejn;Beroun;1:04:15;;;;;;;;
R 764;Beroun;Karlstejn;1:05:15;;;;;;;;
Os 8845;Beroun;Karlstejn,hrad;1:06:15;;;;;;;;
R 764;Karlstejn;Beroun;1:07:15;;;;;;;;
N 31 54 597 5 004;Beroun;Karlstejn;1:08:15;;;;;;;;
Os 8845;Karlstejn,hrad;Beroun;1:09:15;;;;;;;;
N 31 54 597 5 004;Karlstejn;Beroun;1:10:15;;;;;;;;
R 764;Beroun;Karlstejn;1:11:15;;;;;;;;
Os 8845;Beroun;Karlstejn,hrad;1:12:15;;;;;;;;
R 764;Karlstejn;Beroun;1:13:15;;;;;;;;
N 31 54 597 5 004;Beroun;Karlstejn;1:14:15;;;;;;;;
Os 8845;Karlstejn,hrad;Beroun;1:15:15;;;;;;;;
N 31 54 597 5 004;Karlstejn;Beroun;1:16:15;;;;;;;;
R 764;Beroun;Karlstejn;1:17:15;;;;;;;;
Os 8845;Beroun;Karlstejn,hrad;1:18:15;;;;;;;;
R 764;Karlstejn;Beroun;1:19:15;;;;;;;;
N 31 54 597 5 004;Beroun;Karlstejn;1:20:15;;;;;;;;
Os 8845;Karlstejn,hrad;Beroun;1:21:15;;;;;;;;
N 31 54 597 5 004;Karlstejn;Beroun;1:22:15;;;;;;;;
R 764;Beroun;Karlstejn;1:23:15;;;;;;;;
Os 8845;Beroun;Karlstejn,hrad;1:24:15;;;;;;;;
R 764;Karlstejn;Beroun;1:25:15;;;;;;;;
N 31 54 597 5 004;Beroun;Karlstejn;1:26:15;;;;;;;;
Os 8845;Karlstejn,hrad;Beroun;1:27:15;;;;;;;;
N 31 54 597 5 004;Karlstejn;Beroun;1:28:15;;;;;;;;
R 764;Beroun;Karlstejn;1:29:15;;;;;;;;
Os 8845;Beroun;Karlstejn,hrad;1:30:15;;;;;;;;
R 764;Karlstejn;Beroun;1:31:15;;;;;;;;
N 31 54 597 5 004;Beroun;Karlstejn;1:32:15;;;;;;;;
Os 8845;Karlstejn,hrad;Beroun;1:33:15;;;;;;;;
N 31 54 597 5 004;Karlstejn;Beroun;1:34:15;;;;;;;;
R 764;Beroun;Karlstejn;1:35:15;;;;;;;;
Os 8845;Beroun;Karlstejn,hrad;1:36:15;;;;;;;;
R 764;Karlstejn;Beroun;1:37:15;;;;;;;;
N 31 54 597 5 004;Beroun;Karlstejn;1:38:15;;;;;;;;
Os 8845;Karlstejn,hrad;Beroun;1:39:15;;;;;;;;
N 31 54 597 5 004;Karlstejn;Beroun;1:40:15;;;;;;;;
R 764;Beroun;Karlstejn;1:41:15;;;;;;;;
Os 8845;Beroun;Karlstejn,hrad;1:42:15;;;;;;;;
R 764;Karlstejn;Beroun;1:43:15;;;;;;;;
N 31 54 597 5 004;Beroun;Karlstejn;1:44:15;;;;;;;;
Os 8845;Karlstejn,hrad;Beroun;1:45:15;;;;;;;;
N 31 54 597 5 004;Karlstejn;Beroun;1:46:15;;;;;;;;
R 764;Beroun;Karlstejn;1:47:15;;;;;;;;
Os 8845;Beroun;Karlstejn,hrad;1:48:15;;;;;;;;
R 764;Karlstejn;Beroun;1:49:15;;;;;;;;
N 31 54 597 5 004;Beroun;Karlstejn;1:50:15;;;;;;;;
Os 8845;Karlstejn,hrad;Beroun;1:51:15;;;;;;;;
N 31 54 597 5 004;Karlstejn;Beroun;1:52:15;;;;;;;;
R 764;Beroun;Karlstejn;1:53:15;;;;;;;;
Os 8845;Beroun;Karlstejn,hrad;1:54:15;;;;;;;;
R 764;Karlstejn;Beroun;1:55:15;;;;;;;;
N 31 54 597 5 004;Beroun;Karlstejn;1:56:15;;;;;;;;
Os 8845;Karlstejn,hrad;Beroun;1:57:15;;;;;;;;
N 31 54 597 5 004;Karlstejn;Beroun;1:58:15;;;;;;;;
R 764;Beroun;Karlstejn;1:59:15;;;;;;;;
Os 8845;Beroun;Karlstejn,hrad;2:00:15;;;;;;;;
R 764;Karlstejn;Beroun;2:01:15;;;;;;;;
N 31 54 597 5 004;Beroun;Karlstejn;2:02:15;;;;;;;;
Os 8845;Karlstejn,hrad;Beroun;2:03:15;;;;;;;;
N 31 54 597 5 004;Karlstejn;Beroun;2:04:15;;;;;;;;
R 764;Beroun;Karlstejn;2:05:15;;;;;;;;
Os 8845;Beroun;Karlstejn,hrad;2:06:15;;;;;;;;
R 764;Karlstejn;Beroun;2:07:15;;;;;;;;
N 31 54 597 5 004;Beroun;Karlstejn;2:08:15;;;;;;;;
Os 8845;Karlstejn,hrad;Beroun;2:09:15;;;;;;;;
N 31 54 597 5 004;Karlstejn;Beroun;2:10:15;;;;;;;;
R 764;Beroun;Karlstejn;2:11:15;;;;;;;;
Os 8845;Beroun;Karlstejn,hrad;2:12:15;;;;;;;;
R 764;Karlstejn;Beroun;2:13:15;;;;;;;;
N 31 54 597 5 004;Beroun;Karlstejn;2:14:15;;;;;;;;
Os 8845;Karlstejn,hrad;Beroun;2:15:15;;;;;;;;
N 31 54 597 5 004;Karlstejn;Beroun;2:16:15;;;;;;;;
R 764;Beroun;Karlstejn;2:17:15;;;;;;;;
Os 8845;Beroun;Karlstejn,hrad;2:18:15;;;;;;;;
R 764;Karlstejn;Beroun;2:19:15;;;;;;;;
N 31 54 597 5 004;Beroun;Karlstejn;2:20:15;;;;;;;;
Os 8845;Karlstejn,hrad;Beroun;2:21:15;;;;;;;;
N 31 54 597 5 004;Karlstejn;Beroun;2:22:15;;;;;;;;
R 764;Beroun;Karlstejn;2:23:15;;;;;;;;
Os 8845;Beroun;Karlstejn,hrad;2:24:15;;;;;;;;
R 764;Karlstejn;Beroun;2:25:15;;;;;;;;
N 31 54 597 5 004;Beroun;Karlstejn;2:26:15;;;;;;;;
Os 8845;Karlstejn,hrad;Beroun;2:27:15;;;;;;;;
N 31 54 597 5 004;Karlstejn;Beroun;2:28:15;;;;;;;;
R 764;Beroun;Karlstejn;2:29:15;;;;;;;;
Os 8845;Beroun;Karlstejn,hrad;2:30:15;;;;;;;;
R 764;Karlstejn;Beroun;2:31:15;;;;;;;;
N 31 54 597 5 004;Beroun;Karlstejn;2:32:15;;;;;;;;
Os 8845;Karlstejn,hrad;Beroun;2:33:15;;;;;;;;
N 31 54 597 5 004;Karlstejn;Beroun;2:34:15;;;;;;;;
R 764;Beroun;Karlstejn;2:35:15;;;;;;;;
Os 8845;Beroun;Karlstejn,hrad;2:36:15;;;;;;;;
R 764;Karlstejn;Beroun;2:37:15;;;;;;;;
N 31 54 597 5 004;Beroun;Karlstejn;2:38:15;;;;;;;;
Os 8845;Karlstejn,hrad;Beroun;2:39:15;;;;;;;;
N 31 54 597 5 004;Karlstejn;Beroun;2:40:15;;;;;;;;
R 764;Beroun;Karlstejn;2:41:15;;;;;;;;
Os 8845;Beroun;Karlstejn,hrad;2:42:15;;;;;;;;
R 764;Karlstejn;Beroun;2:43:15;;;;;;;;
N 31 54 597 5 004;Beroun;Karlstejn;2:44:15;;;;;;;;
Os 8845;Karlstejn,hrad;Beroun;2:45:15;;;;;;;;
N 31 54 597 5 004;Karlstejn;Beroun;2:46:15;;;;;;;;
R 764;Beroun;Karlstejn;2:47:15;;;;;;;;
Os 8845;Beroun;Karlstejn,hrad;2:48:15;;;;;;;;
R 764;Karlstejn;Beroun;2:49:15;;;;;;;;
N 31 54 597 5 004;Beroun;Karlstejn;2:50:15;;;;;;;;
Os 8845;Karlstejn,hrad;Beroun;2:51:15;;;;;;;;
N 31 54 597 5 004;Karlstejn;Beroun;2:52:15;;;;;;;;
R 764;Beroun;Karlstejn;2:53:15;;;;;;;;
Os 8845;Beroun;Karlstejn,hrad;2:54:15;;;;;;;;
R 764;Karlstejn;Beroun;2:55:15;;;;;;;;
N 31 54 597 5 004;Beroun;Karlstejn;2:56:15;;;;;;;;
Os 8845;Karlstejn,hrad;Beroun;2:57:15;;;;;;;;
N 31 54 597 5 004;Karlstejn;Beroun;2:58:15;;;;;;;;
R 764;Beroun;Karlstejn;2:59:15;;;;;;;;
Os 8845;Beroun;Karlstejn,hrad;3:00:15;;;;;;;;
R 764;Karlstejn;Beroun;3:01:15;;;;;;;;
N 31 54 597 5 004;Beroun;Karlstejn;3:02:15;;;;;;;;
Os 8845;Karlstejn,hrad;Beroun;3:03:15;;;;;;;;
N 31 54 597 5 004;Karlstejn;Beroun;3:04:15;;;;;;;;
R 764;Beroun;Karlstejn;3:05:15;;;;;;;;
Os 8845;Beroun;Karlstejn,hrad;3:06:15;;;;;;;;
R 764;Karlstejn;Beroun;3:07:15;;;;;;;;
N 31 54 597 5 004;Beroun;Karlstejn;3:08:15;;;;;;;;
Os 8845;Karlstejn,hrad;Beroun;3:09:15;;;;;;;;
N 31 54 597 5 004;Karlstejn;Beroun;3:10:15;;;;;;;;
R 764;Beroun;Karlstejn;3:11:15;;;;;;;;
Os 8845;Beroun;Karlstejn,hrad;3:12:15;;;;;;;;
R 764;Karlstejn;Beroun;3:13:15;;;;;;;;
N 31 54 597 5 004;Beroun;Karlstejn;3:14:15;;;;;;;;
Os 8845;Karlstejn,hrad;Beroun;3:15:15;;;;;;;;
N 31 54 597 5 004;Karlstejn;Beroun;3:16:15;;;;;;;;
R 764;Beroun;Karlstejn;3:17:15;;;;;;;;
Os 8845;Beroun;Karlstejn,hrad;3:18:15;;;;;;;;
R 764;Karlstejn;Beroun;3:19:15;;;;;;;;
N 31 54 597 5 004;Beroun;Karlstejn;3:20:15;;;;;;;;
Os 8845;Karlstejn,hrad;Beroun;3:21:15;;;;;;;;
N 31 54 597 5 004;Karlstejn;Beroun;3:22:15;;;;;;;;
R 764;Beroun;Karlstejn;3:23:15;;;;;;;;
Os 8845;Beroun;Karlstejn,hrad;3:24:15;;;;;;;;
R 764;Karlstejn;Beroun;3:25:15;;;;;;;;
N 31 54 597 5 004;Beroun;Karlstejn;3:26:15;;;;;;;;
Os 8845;Karlstejn,hrad;Beroun;3:27:15;;;;;;;;
N 31 54 597 5 004;Karlstejn;Beroun;3:28:15;;;;;;;;
R 764;Beroun;Karlstejn;3:29:15;;;;;;;;
Os 8845;Beroun;Karlstejn,hrad;3:30:15;;;;;;;;
R 764;Karlstejn;Beroun;3:31:15;;;;;;;;
N 31 54 597 5 004;Beroun;Karlstejn;3:32:15;;;;;;;;
Os 8845;Karlstejn,hrad;Beroun;3:33:15;;;;;;;;
N 31 54 597 5 004;Karlstejn;Beroun;3:34:15;;;;;;;;
R 764;Beroun;Karlstejn;3:35:15;;;;;;;;
Os 8845;Beroun;Karlstejn,hrad;3:36:15;;;;;;;;
R 764;Karlstejn;Beroun;3:37:15;;;;;;;;
N 31 54 597 5 004;Beroun;Karlstejn;3:38:15;;;;;;;;
Os 8845;Karlstejn,hrad;Beroun;3:39:15;;;;;;;;
N 31 54 597 5 004;Karlstejn;Beroun;3:40:15;;;;;;;;
R 764;Beroun;Karlstejn;3:41:15;;;;;;;;
Os 8845;Beroun;Karlstejn,hrad;3:42:15;;;;;;;;
R 764;Karlstejn;Beroun;3:43:15;;;;;;;;
N 31 54 597 5 004;Beroun;Karlstejn;3:44:15;;;;;;;;
Os 8845;Karlstejn,hrad;Beroun;3:45:15;;;;;;;;
N 31 54 597 5 004;Karlstejn;Beroun;3:46:15;;;;;;;;
R 764;Beroun;Karlstejn;3:47:15;;;;;;;;
Os 8845;Beroun;Karlstejn,hrad;3:48:15;;;;;;;;
R 764;Karlstejn;Beroun;3:49:15;;;;;;;;
N 31 54 597 5 004;Beroun;Karlstejn;3:50:15;;;;;;;;
Os 8845;Karlstejn,hrad;Beroun;3:51:15;;;;;;;;
N 31 54 597 5 004;Karlstejn;Beroun;3:52:15;;;;;;;;
R 764;Beroun;Karlstejn;3:53:15;;;;;;;;
Os 8845;Beroun;Karlstejn,hrad;3:54:15;;;;;;;;
R 764;Karlstejn;Beroun;3:55:15;;;;;;;;
N 31 54 597 5 004;Beroun;Karlstejn;3:56:15;;;;;;;;
Os 8845;Karlstejn,hrad;Beroun;3:57:15;;;;;;;;
N 31 54 597 5 004;Karlstejn;Beroun;3:58:15;;;;;;;;
R 764;Beroun;Karlstejn;3:59:15;;;;;;;;
Os 8845;Beroun;Karlstejn,hrad;4:00:15;;;;;;;;
R 764;Karlstejn;Beroun;4:01:15;;;;;;;;
N 31 54 597 5 004;Beroun;Karlstejn;4:02:15;;;;;;;;
Os 8845;Karlstejn,hrad;Beroun;4:03:15;;;;;;;;
N 31 54 597 5 004;Karlstejn;Beroun;4:04:15;;;;;;;;
R 764;Beroun;Karlstejn;4:05:15;;;;;;;;
Os 8845;Beroun;Karlstejn,hrad;4:06:15;;;;;;;;
R 764;Karlstejn;Beroun;4:07:15;;;;;;;;
N 31 54 597 5 004;Beroun;Karlstejn;4:08:15;;;;;;;;
Os 8845;Karlstejn,hrad;Beroun;4:09:15;;;;;;;;
N 31 54 597 5 004;Karlstejn;Beroun;4:10:15;;;;;;;;
R 764;Beroun;Karlstejn;4:11:15;;;;;;;;
Os 8845;Beroun;Karlstejn,hrad;4:12:15;;;;;;;;
R 764;Karlstejn;Beroun;4:13:15;;;;;;;;
N 31 54 597 5 004;Beroun;Karlstejn;4:14:15;;;;;;;;
Os 8845;Karlstejn,hrad;Beroun;4:15:15;;;;;;;;
N 31 54 597 5 004;Karlstejn;Beroun;4:16:15;;;;;;;;
R 764;Beroun;Karlstejn;4:17:15;;;;;;;;
Os 8845;Beroun;Karlstejn,hrad;4:18:15;;;;;;;;
R 764;Karlstejn;Beroun;4:19:15;;;;;;;;
N 31 54 597 5 004;Beroun;Karlstejn;4:20:15;;;;;;;;
Os 8845;Karlstejn,hrad;Beroun;4:21:15;;;;;;;;
N 31 54 597 5 004;Karlstejn;Beroun;4:22:15;;;;;;;;
R 764;Beroun;Karlstejn;4:23:15;;;;;;;;
Os 8845;Beroun;Karlstejn,hrad;4:24:15;;;;;;;;
R 764;Karlstejn;Beroun;4:25:15;;;;;;;;
N 31 54 597 5 004;Beroun;Karlstejn;4:26:15;;;;;;;;
Os 8845;Karlstejn,hrad;Beroun;4:27:15;;;;;;;;
N 31 54 597 5 004;Karlstejn;Beroun;4:28:15;;;;;;;;
R 764;Beroun;Karlstejn;4:29:15;;;;;;;;
Os 8845;Beroun;Karlstejn,hrad;4:30:15;;;;;;;;
R 764;Karlstejn;Beroun;4:31:15;;;;;;;;
N 31 54 597 5 004;Beroun;Karlstejn;4:32:15;;;;;;;;
Os 8845;Karlstejn,hrad;Beroun;4:33:15;;;;;;;;
N 31 54 597 5 004;Karlstejn;Beroun;4:34:15;;;;;;;;
R 764;Beroun;Karlstejn;4:35:15;;;;;;;;
Os 8845;Beroun;Karlstejn,hrad;4:36:15;;;;;;;;
R 764;Karlstejn;Beroun;4:37:15;;;;;;;;
N 31 54 597 5 004;Beroun;Karlstejn;4:38:15;;;;;;;;
Os 8845;Karlstejn,hrad;Beroun;4:39:15;;;;;;;;
N 31 54 597 5 004;Karlstejn;Beroun;4:40:15;;;;;;;;
R 764;Beroun;Karlstejn;4:41:15;;;;;;;;
Os 8845;Beroun;Karlstejn,hrad;4:42:15;;;;;;;;
R 764;Karlstejn;Beroun;4:43:15;;;;;;;;
N 31 54 597 5 004;Beroun;Karlstejn;4:44:15;;;;;;;;
Os 8845;Karlstejn,hrad;Beroun;4:45:15;;;;;;;;
N 31 54 597 5 004;Karlstejn;Beroun;4:46:15;;;;;;;;
R 764;Beroun;Karlstejn;4:47:15;;;;;;;;
Os 8845;Beroun;Karlstejn,hrad;4:48:15;;;;;;;;
R 764;Karlstejn;Beroun;4:49:15;;;;;;;;
N 31 54 597 5 004;Beroun;Karlstejn;4:50:15;;;;;;;;
Os 8845;Karlstejn,hrad;Beroun;4:51:15;;;;;;;;
N 31 54 597 5 004;Karlstejn;Beroun;4:52:15;;;;;;;;
R 764;Beroun;Karlstejn;4:53:15;;;;;;;;
Os 8845;Beroun;Karlstejn,hrad;4:54:15;;;;;;;;
R 764;Karlstejn;Beroun;4:55:15;;;;;;;;
N 31 54 597 5 004;Beroun;Karlstejn;4:56:15;;;;;;;;
Os 8845;Karlstejn,hrad;Beroun;4:57:15;;;;;;;;
N 31 54 597 5 004;Karlstejn;Beroun;4:58:15;;;;;;;;
R 764;Beroun;Karlstejn;4:59:15;;;;;;;;
Os 8845;Beroun;Karlstejn,hrad;5:00:15;;;;;;;;
R 764;Karlstejn;Beroun;5:01:15;;;;;;;;
N 31 54 597 5 004;Beroun;Karlstejn;5:02:15;;;;;;;;
Os 8845;Karlstejn,hrad;Beroun;5:03:15;;;;;;;;
N 31 54 597 5 004;Karlstejn;Beroun;5:04:15;;;;;;;;
R 764;Beroun;Karlstejn;5:05:15;;;;;;;;
Os 8845;Beroun;Karlstejn,hrad;5:06:15;;;;;;;;
R 764;Karlstejn;Beroun;5:07:15;;;;;;;;
N 31 54 597 5 004;Beroun;Karlstejn;5:08:15;;;;;;;;
Os 8845;Karlstejn,hrad;Beroun;5:09:15;;;;;;;;
N 31 54 597 5 004;Karlstejn;Beroun;5:10:15;;;;;;;;
R 764;Beroun;Karlstejn;5:11:15;;;;;;;;
Os 8845;Beroun;Karlstejn,hrad;5:12:15;;;;;;;;
R 764;Karlstejn;Beroun;5:13:15;;;;;;;;
N 31 54 597 5 004;Beroun;Karlstejn;5:14:15;;;;;;;;
Os 8845;Karlstejn,hrad;Beroun;5:15:15;;;;;;;;
N 31 54 597 5 004;Karlstejn;Beroun;5:16:15;;;;;;;;
R 764;Beroun;Karlstejn;5:17:15;;;;;;;;
Os 8845;Beroun;Karlstejn,hrad;5:18:15;;;;;;;;
R 764;Karlstejn;Beroun;5:19:15;;;;;;;;
N 31 54 597 5 004;Beroun;Karlstejn;5:20:15;;;;;;;;
Os 8845;Karlstejn,hrad;Beroun;5:21:15;;;;;;;;
N 31 54 597 5 004;Karlstejn;Beroun;5:22:15;;;;;;;;
R 764;Beroun;Karlstejn;5:23:15;;;;;;;;
Os 8845;Beroun;Karlstejn,hrad;5:24:15;;;;;;;;
R 764;Karlstejn;Beroun;5:25:15;;;;;;;;
N 31 54 597 5 004;Beroun;Karlstejn;5:26:15;;;;;;;;
Os 8845;Karlstejn,hrad;Beroun;5:27:15;;;;;;;;
N 31 54 597 5 004;Karlstejn;Beroun;5:28:15;;;;;;;;
R 764;Beroun;Karlstejn;5:29:15;;;;;;;;
Os 8845;Beroun;Karlstejn,hrad;5:30:15;;;;;;;;
R 764;Karlstejn;Beroun;5:31:15;;;;;;;;
N 31 54 597 5 004;Beroun;Karlstejn;5:32:15;;;;;;;;
Os 8845;Karlstejn,hrad;Beroun;5:33:15;;;;;;;;
N 31 54 597 5 004;Karlstejn;Beroun;5:34:15;;;;;;;;
R 764;Beroun;Karlstejn;5:35:15;;;;;;;;
Os 8845;Beroun;Karlstejn,hrad;5:36:15;;;;;;;;
R 764;Karlstejn;Beroun;5:37:15;;;;;;;;
N 31 54 597 5 004;Beroun;Karlstejn;5:38:15;;;;;;;;
Os 8845;Karlstejn,hrad;Beroun;5:39:15;;;;;;;;
N 31 54 597 5 004;Karlstejn;Beroun;5:40:15;;;;;;;;
R 764;Beroun;Karlstejn;5:41:15;;;;;;;;
Os 8845;Beroun;Karlstejn,hrad;5:42:15;;;;;;;;
R 764;Karlstejn;Beroun;5:43:15;;;;;;;;
N 31 54 597 5 004;Beroun;Karlstejn;5:44:15;;;;;;;;
Os 8845;Karlstejn,hrad;Beroun;5:45:15;;;;;;;;
N 31 54 597 5 004;Karlstejn;Beroun;5:46:15;;;;;;;;
R 764;Beroun;Karlstejn;5:47:15;;;;;;;;
Os 8845;Beroun;Karlstejn,hrad;5:48:15;;;;;;;;
R 764;Karlstejn;Beroun;5:49:15;;;;;;;;
N 31 54 597 5 004;Beroun;Karlstejn;5:50:15;;;;;;;;
Os 8845;Karlstejn,hrad;Beroun;5:51:15;;;;;;;;
N 31 54 597 5 004;Karlstejn;Beroun;5:52:15;;;;;;;;
R 764;Beroun;Karlstejn;5:53:15;;;;;;;;
Os 8845;Beroun;Karlstejn,hrad;5:54:15;;;;;;;;
R 764;Karlstejn;Beroun;5:55:15;;;;;;;;
N 31 54 597 5 004;Beroun;Karlstejn;5:56:15;;;;;;;;
Os 8845;Karlstejn,hrad;Beroun;5:57:15;;;;;;;;
N 31 54 597 5 004;Karlstejn;Beroun;5:58:15;;;;;;;;
R 764;Beroun;Karlstejn;5:59:15;;;;;;;;
Os 8845;Beroun;Karlstejn,hrad;6:00:15;;;;;;;;
R 764;Karlstejn;Beroun;6:01:15;;;;;;;;
N 31 54 597 5 004;Beroun;Karlstejn;6:02:15;;;;;;;;
Os 8845;Karlstejn,hrad;Beroun;6:03:15;;;;;;;;
N 31 54 597 5 004;Karlstejn;Beroun;6:04:15;;;;;;;;
R 764;Beroun;Karlstejn;6:05:15;;;;;;;;
Os 8845;Beroun;Karlstejn,hrad;6:06:15;;;;;;;;
R 764;Karlstejn;Beroun;6:07:15;;;;;;;;
N 31 54 597 5 004;Beroun;Karlstejn;6:08:15;;;;;;;;
Os 8845;Karlstejn,hrad;Beroun;6:09:15;;;;;;;;
N 31 54 597 5 004;Karlstejn;Beroun;6:10:15;;;;;;;;
R 764;Beroun;Karlstejn;6:11:15;;;;;;;;
Os 8845;Beroun;Karlstejn,hrad;6:12:15;;;;;;;;
R 764;Karlstejn;Beroun;6:13:15;;;;;;;;
N 31 54 597 5 004;Beroun;Karlstejn;6:14:15;;;;;;;;
Os 8845;Karlstejn,hrad;Beroun;6:15:15;;;;;;;;
N 31 54 597 5 004;Karlstejn;Beroun;6:16:15;;;;;;;;
R 764;Beroun;Karlstejn;6:17:15;;;;;;;;
Os 8845;Beroun;Karlstejn,hrad;6:18:15;;;;;;;;
R 764;Karlstejn;Beroun;6:19:15;;;;;;;;
N 31 54 597 5 004;Beroun;Karlstejn;6:20:15;;;;;;;;
Os 8845;Karlstejn,hrad;Beroun;6:21:15;;;;;;;;
N 31 54 597 5 004;Karlstejn;Beroun;6:22:15;;;;;;;;
R 764;Beroun;Karlstejn;6:23:15;;;;;;;;
Os 8845;Beroun;Karlstejn,hrad;6:24:15;;;;;;;;
R 764;Karlstejn;Beroun;6:25:15;;;;;;;;
N 31 54 597 5 004;Beroun;Karlstejn;6:26:15;;;;;;;;
Os 8845;Karlstejn,hrad;Beroun;6:27:15;;;;;;;;
N 31 54 597 5 004;Karlstejn;Beroun;6:28:15;;;;;;;;
R 764;Beroun;Karlstejn;6:29:15;;;;;;;;
Os 8845;Beroun;Karlstejn,hrad;6:30:15;;;;;;;;
R 764;Karlstejn;Beroun;6:31:15;;;;;;;;
N 31 54 597 5 004;Beroun;Karlstejn;6:32:15;;;;;;;;
Os 8845;Karlstejn,hrad;Beroun;6:33:15;;;;;;;;
N 31 54 597 5 004;Karlstejn;Beroun;6:34:15;;;;;;;;
R 764;Beroun;Karlstejn;6:35:15;;;;;;;;
Os 8845;Beroun;Karlstejn,hrad;6:36:15;;;;;;;;
R 764;Karlstejn;Beroun;6:37:15;;;;;;;;
N 31 54 597 5 004;Beroun;Karlstejn;6:38:15;;;;;;;;
Os 8845;Karlstejn,hrad;Beroun;6:39:15;;;;;;;;
N 31 54 597 5 004;Karlstejn;Beroun;6:40:15;;;;;;;;
R 764;Beroun;Karlstejn;6:41:15;;;;;;;;
Os 8845;Beroun;Karlstejn,hrad;6:42:15;;;;;;;;
R 764;Karlstejn;Beroun;6:43:15;;;;;;;;
N 31 54 597 5 004;Beroun;Karlstejn;6:44:15;;;;;;;;
Os 8845;Karlstejn,hrad;Beroun;6:45:15;;;;;;;;
N 31 54 597 5 004;Karlstejn;Beroun;6:46:15;;;;;;;;
R 764;Beroun;Karlstejn;6:47:15;;;;;;;;
Os 8845;Beroun;Karlstejn,hrad;6:48:15;;;;;;;;
R 764;Karlstejn;Beroun;6:49:15;;;;;;;;
N 31 54 597 5 004;Beroun;Karlstejn;6:50:15;;;;;;;;
Os 8845;Karlstejn,hrad;Beroun;6:51:15;;;;;;;;
N 31 54 597 5 004;Karlstejn;Beroun;6:52:15;;;;;;;;
R 764;Beroun;Karlstejn;6:53:15;;;;;;;;
Os 8845;Beroun;Karlstejn,hrad;6:54:15;;;;;;;;
R 764;Karlstejn;Beroun;6:55:15;;;;;;;;
N 31 54 597 5 004;Beroun;Karlstejn;6:56:15;;;;;;;;
Os 8845;Karlstejn,hrad;Beroun;6:57:15;;;;;;;;
N 31 54 597 5 004;Karlstejn;Beroun;6:58:15;;;;;;;;
R 764;Beroun;Karlstejn;6:59:15;;;;;;;;
Os 8845;Beroun;Karlstejn,hrad;7:00:15;;;;;;;;
R 764;Karlstejn;Beroun;7:01:15;;;;;;;;
N 31 54 597 5 004;Beroun;Karlstejn;7:02:15;;;;;;;;
Os 8845;Karlstejn,hrad;Beroun;7:03:15;;;;;;;;
N 31 54 597 5 004;Karlstejn;Beroun;7:04:15;;;;;;;;
R 764;Beroun;Karlstejn;7:05:15;;;;;;;;
Os 8845;Beroun;Karlstejn,hrad;7:06:15;;;;;;;;
R 764;Karlstejn;Beroun;7:07:15;;;;;;;;
N 31 54 597 5 004;Beroun;Karlstejn;7:08:15;;;;;;;;
Os 8845;Karlstejn,hrad;Beroun;7:09:15;;;;;;;;
N 31 54 597 5 004;Karlstejn;Beroun;7:10:15;;;;;;;;
R 764;Beroun;Karlstejn;7:11:15;;;;;;;;
Os 8845;Beroun;Karlstejn,hrad;7:12:15;;;;;;;;
R 764;Karlstejn;Beroun;7:13:15;;;;;;;;
N 31 54 597 5 004;Beroun;Karlstejn;7:14:15;;;;;;;;
Os 8845;Karlstejn,hrad;Beroun;7:15:15;;;;;;;;
N 31 54 597 5 004;Karlstejn;Beroun;7:16:15;;;;;;;;
R 764;Beroun;Karlstejn;7:17:15;;;;;;;;
Os 8845;Beroun;Karlstejn,hrad;7:18:15;;;;;;;;
R 764;Karlstejn;Beroun;7:19:15;;;;;;;;
N 31 54 597 5 004;Beroun;Karlstejn;7:20:15;;;;;;;;
Os 8845;Karlstejn,hrad;Beroun;7:21:15;;;;;;;;
N 31 54 597 5 004;Karlstejn;Beroun;7:22:15;;;;;;;;
R 764;Beroun;Karlstejn;7:23:15;;;;;;;;
Os 8845;Beroun;Karlstejn,hrad;7:24:15;;;;;;;;
R 764;Karlstejn;Beroun;7:25:15;;;;;;;;
N 31 54 597 5 004;Beroun;Karlstejn;7:26:15;;;;;;;;
Os 8845;Karlstejn,hrad;Beroun;7:27:15;;;;;;;;
N 31 54 597 5 004;Karlstejn;Beroun;7:28:15;;;;;;;;
R 764;Beroun;Karlstejn;7:29:15;;;;;;;;
Os 8845;Beroun;Karlstejn,hrad;7:30:15;;;;;;;;
R 764;Karlstejn;Beroun;7:31:15;;;;;;;;
N 31 54 597 5 004;Beroun;Karlstejn;7:32:15;;;;;;;;
Os 8845;Karlstejn,hrad;Beroun;7:33:15;;;;;;;;
N 31 54 597 5 004;Karlstejn;Beroun;7:34:15;;;;;;;;
R 764;Beroun;Karlstejn;7:35:15;;;;;;;;
Os 8845;Beroun;Karlstejn,hrad;7:36:15;;;;;;;;
R 764;Karlstejn;Beroun;7:37:15;;;;;;;;
N 31 54 597 5 004;Beroun;Karlstejn;7:38:15;;;;;;;;
Os 8845;Karlstejn,hrad;Beroun;7:39:15;;;;;;;;
N 31 54 597 5 004;Karlstejn;Beroun;7:40:15;;;;;;;;
R 764;Beroun;Karlstejn;7:41:15;;;;;;;;
Os 8845;Beroun;Karlstejn,hrad;7:42:15;;;;;;;;
R 764;Karlstejn;Beroun;7:43:15;;;;;;;;
N 31 54 597 5 004;Beroun;Karlstejn;7:44:15;;;;;;;;
Os 8845;Karlstejn,hrad;Beroun;7:45:15;;;;;;;;
N 31 54 597 5 004;Karlstejn;Beroun;7:46:15;;;;;;;;
R 764;Beroun;Karlstejn;7:47:15;;;;;;;;
Os 8845;Beroun;Karlstejn,hrad;7:48:15;;;;;;;;
R 764;Karlstejn;Beroun;7:49:15;;;;;;;;
N 31 54 597 5 004;Beroun;Karlstejn;7:50:15;;;;;;;;
Os 8845;Karlstejn,hrad;Beroun;7:51:15;;;;;;;;
N 31 54 597 5 004;Karlstejn;Beroun;7:52:15;;;;;;;;
R 764;Beroun;Karlstejn;7:53:15;;;;;;;;
Os 8845;Beroun;Karlstejn,hrad;7:54:15;;;;;;;;
R 764;Karlstejn;Beroun;7:55:15;;;;;;;;
N 31 54 597 5 004;Beroun;Karlstejn;7:56:15;;;;;;;;
Os 8845;Karlstejn,hrad;Beroun;7:57:15;;;;;;;;
N 31 54 597 5 004;Karlstejn;Beroun;7:58:15;;;;;;;;
R 764;Beroun;Karlstejn;7:59:15;;;;;;;;
Os 8845;Beroun;Karlstejn,hrad;8:00:15;;;;;;;;
R 764;Karlstejn;Beroun;8:01:15;;;;;;;;
N 31 54 597 5 004;Beroun;Karlstejn;8:02:15;;;;;;;;
Os 8845;Karlstejn,hrad;Beroun;8:03:15;;;;;;;;
N 31 54 597 5 004;Karlstejn;Beroun;8:04:15;;;;;;;;
R 764;Beroun;Karlstejn;8:05:15;;;;;;;;
Os 8845;Beroun;Karlstejn,hrad;8:06:15;;;;;;;;
R 764;Karlstejn;Beroun;8:07:15;;;;;;;;
N 31 54 597 5 004;Beroun;Karlstejn;8:08:15;;;;;;;;
Os 8845;Karlstejn,hrad;Beroun;8:09:15;;;;;;;;
N 31 54 597 5 004;Karlstejn;Beroun;8:10:15;;;;;;;;
R 764;Beroun;Karlstejn;8:11:15;;;;;;;;
Os 8845;Beroun;Karlstejn,hrad;8:12:15;;;;;;;;
R 764;Karlstejn;Beroun;8:13:15;;;;;;;;
N 31 54 597 5 004;Beroun;Karlstejn;8:14:15;;;;;;;;
Os 8845;Karlstejn,hrad;Beroun;8:15:15;;;;;;;;
N 31 54 597 5 004;Karlstejn;Beroun;8:16:15;;;;;;;;
R 764;Beroun;Karlstejn;8:17:15;;;;;;;;
Os 8845;Beroun;Karlstejn,hrad;8:18:15;;;;;;;;
R 764;Karlstejn;Beroun;8:19:15;;;;;;;;
N 31 54 597 5 004;Beroun;Karlstejn;8:20:15;;;;;;;;
Os 8845;Karlstejn,hrad;Beroun;8:21:15;;;;;;;;
N 31 54 597 5 004;Karlstejn;Beroun;8:22:15;;;;;;;;
R 764;Beroun;Karlstejn;8:23:15;;;;;;;;
Os 8845;Beroun;Karlstejn,hrad;8:24:15;;;;;;;;
R 764;Karlstejn;Beroun;8:25:15;;;;;;;;
N 31 54 597 5 004;Beroun;Karlstejn;8:26:15;;;;;;;;
Os 8845;Karlstejn,hrad;Beroun;8:27:15;;;;;;;;
N 31 54 597 5 004;Karlstejn;Beroun;8:28:15;;;;;;;;
R 764;Beroun;Karlstejn;8:29:15;;;;;;;;
Os 8845;Beroun;Karlstejn,hrad;8:30:15;;;;;;;;
R 764;Karlstejn;Beroun;8:31:15;;;;;;;;
N 31 54 597 5 004;Beroun;Karlstejn;8:32:15;;;;;;;;
Os 8845;Karlstejn,hrad;Beroun;8:33:15;;;;;;;;
N 31 54 597 5 004;Karlstejn;Beroun;8:34:15;;;;;;;;
R 764;Beroun;Karlstejn;8:35:15;;;;;;;;
Os 8845;Beroun;Karlstejn,hrad;8:36:15;;;;;;;;
R 764;Karlstejn;Beroun;8:37:15;;;;;;;;
N 31 54 597 5 004;Beroun;Karlstejn;8:38:15;;;;;;;;
Os 8845;Karlstejn,hrad;Beroun;8:39:15;;;;;;;;
N 31 54 597 5 004;Karlstejn;Beroun;8:40:15;;;;;;;;
R 764;Beroun;Karlstejn;8:41:15;;;;;;;;
Os 8845;Beroun;Karlstejn,hrad;8:42:15;;;;;;;;
R 764;Karlstejn;Beroun;8:43:15;;;;;;;;
N 31 54 597 5 004;Beroun;Karlstejn;8:44:15;;;;;;;;
Os 8845;Karlstejn,hrad;Beroun;8:45:15;;;;;;;;
N 31 54 597 5 004;Karlstejn;Beroun;8:46:15;;;;;;;;
R 764;Beroun;Karlstejn;8:47:15;;;;;;;;
Os 8845;Beroun;Karlstejn,hrad;8:48:15;;;;;;;;
R 764;Karlstejn;Beroun;8:49:15;;;;;;;;
N 31 54 597 5 004;Beroun;Karlstejn;8:50:15;;;;;;;;
Os 8845;Karlstejn,hrad;Beroun;8:51:15;;;;;;;;
N 31 54 597 5 004;Karlstejn;Beroun;8:52:15;;;;;;;;
R 764;Beroun;Karlstejn;8:53:15;;;;;;;;
Os 8845;Beroun;Karlstejn,hrad;8:54:15;;;;;;;;
R 764;Karlstejn;Beroun;8:55:15;;;;;;;;
N 31 54 597 5 004;Beroun;Karlstejn;8:56:15;;;;;;;;
Os 8845;Karlstejn,hrad;Beroun;8:57:15;;;;;;;;
N 31 54 597 5 004;Karlstejn;Beroun;8:58:15;;;;;;;;
R 764;Beroun;Karlstejn;8:59:15;;;;;;;;
Os 8845;Beroun;Karlstejn,hrad;9:00:15;;;;;;;;
R 764;Karlstejn;Beroun;9:01:15;;;;;;;;
N 31 54 597 5 004;Beroun;Karlstejn;9:02:15;;;;;;;;
Os 8845;Karlstejn,hrad;Beroun;9:03:15;;;;;;;;
N 31 54 597 5 004;Karlstejn;Beroun;9:04:15;;;;;;;;
R 764;Beroun;Karlstejn;9:05:15;;;;;;;;
Os 8845;Beroun;Karlstejn,hrad;9:06:15;;;;;;;;
R 764;Karlstejn;Beroun;9:07:15;;;;;;;;
N 31 54 597 5 004;Beroun;Karlstejn;9:08:15;;;;;;;;
Os 8845;Karlstejn,hrad;Beroun;9:09:15;;;;;;;;
N 31 54 597 5 004;Karlstejn;Beroun;9:10:15;;;;;;;;
R 764;Beroun;Karlstejn;9:11:15;;;;;;;;
Os 8845;Beroun;Karlstejn,hrad;9:12:15;;;;;;;;
R 764;Karlstejn;Beroun;9:13:15;;;;;;;;
N 31 54 597 5 004;Beroun;Karlstejn;9:14:15;;;;;;;;
Os 8845;Karlstejn,hrad;Beroun;9:15:15;;;;;;;;
N 31 54 597 5 004;Karlstejn;Beroun;9:16:15;;;;;;;;
R 764;Beroun;Karlstejn;9:17:15;;;;;;;;
Os 8845;Beroun;Karlstejn,hrad;9:18:15;;;;;;;;
R 764;Karlstejn;Beroun;9:19:15;;;;;;;;
N 31 54 597 5 004;Beroun;Karlstejn;9:20:15;;;;;;;;
Os 8845;Karlstejn,hrad;Beroun;9:21:15;;;;;;;;
N 31 54 597 5 004;Karlstejn;Beroun;9:22:15;;;;;;;;
R 764;Beroun;Karlstejn;9:23:15;;;;;;;;
Os 8845;Beroun;Karlstejn,hrad;9:24:15;;;;;;;;
R 764;Karlstejn;Beroun;9:25:15;;;;;;;;
N 31 54 597 5 004;Beroun;Karlstejn;9:26:15;;;;;;;;
Os 8845;Karlstejn,hrad;Beroun;9:27:15;;;;;;;;
N 31 54 597 5 004;Karlstejn;Beroun;9:28:15;;;;;;;;
R 764;Beroun;Karlstejn;9:29:15;;;;;;;;
Os 8845;Beroun;Karlstejn,hrad;9:30:15;;;;;;;;
R 764;Karlstejn;Beroun;9:31:15;;;;;;;;
N 31 54 597 5 004;Beroun;Karlstejn;9:32:15;;;;;;;;
Os 8845;Karlstejn,hrad;Beroun;9:33:15;;;;;;;;
N 31 54 597 5 004;Karlstejn;Beroun;9:34:15;;;;;;;;
R 764;Beroun;Karlstejn;9:35:15;;;;;;;;
Os 8845;Beroun;Karlstejn,hrad;9:36:15;;;;;;;;
R 764;Karlstejn;Beroun;9:37:15;;;;;;;;
N 31 54 597 5 004;Beroun;Karlstejn;9:38:15;;;;;;;;
Os 8845;Karlstejn,hrad;Beroun;9:39:15;;;;;;;;
N 31 54 597 5 004;Karlstejn;Beroun;9:40:15;;;;;;;;
R 764;Beroun;Karlstejn;9:41:15;;;;;;;;
Os 8845;Beroun;Karlstejn,hrad;9:42:15;;;;;;;;
R 764;Karlstejn;Beroun;9:43:15;;;;;;;;
N 31 54 597 5 004;Beroun;Karlstejn;9:44:15;;;;;;;;
Os 8845;Karlstejn,hrad;Beroun;9:45:15;;;;;;;;
N 31 54 597 5 004;Karlstejn;Beroun;9:46:15;;;;;;;;
R 764;Beroun;Karlstejn;9:47:15;;;;;;;;
Os 8845;Beroun;Karlstejn,hrad;9:48:15;;;;;;;;
R 764;Karlstejn;Beroun;9:49:15;;;;;;;;
N 31 54 597 5 004;Beroun;Karlstejn;9:50:15;;;;;;;;
Os 8845;Karlstejn,hrad;Beroun;9:51:15;;;;;;;;
N 31 54 597 5 004;Karlstejn;Beroun;9:52:15;;;;;;;;
R 764;Beroun;Karlstejn;9:53:15;;;;;;;;
Os 8845;Beroun;Karlstejn,hrad;9:54:15;;;;;;;;
R 764;Karlstejn;Beroun;9:55:15;;;;;;;;
N 31 54 597 5 004;Beroun;Karlstejn;9:56:15;;;;;;;;
Os 8845;Karlstejn,hrad;Beroun;9:57:15;;;;;;;;
N 31 54 597 5 004;Karlstejn;Beroun;9:58:15;;;;;;;;
R 764;Beroun;Karlstejn;9:59:15;;;;;;;;
Os 8845;Beroun;Karlstejn,hrad;10:00:15;;;;;;;;
R 764;Karlstejn;Beroun;10:01:15;;;;;;;;
N 31 54 597 5 004;Beroun;Karlstejn;10:02:15;;;;;;;;
Os 8845;Karlstejn,hrad;Beroun;10:03:15;;;;;;;;
N 31 54 597 5 004;Karlstejn;Beroun;10:04:15;;;;;;;;
R 764;Beroun;Karlstejn;10:05:15;;;;;;;;
Os 8845;Beroun;Karlstejn,hrad;10:06:15;;;;;;;;
R 764;Karlstejn;Beroun;10:07:15;;;;;;;;
N 31 54 597 5 004;Beroun;Karlstejn;10:08:15;;;;;;;;
Os 8845;Karlstejn,hrad;Beroun;10:09:15;;;;;;;;
N 31 54 597 5 004;Karlstejn;Beroun;10:10:15;;;;;;;;
R 764;Beroun;Karlstejn;10:11:15;;;;;;;;
Os 8845;Beroun;Karlstejn,hrad;10:12:15;;;;;;;;
R 764;Karlstejn;Beroun;10:13:15;;;;;;;;
N 31 54 597 5 004;Beroun;Karlstejn;10:14:15;;;;;;;;
Os 8845;Karlstejn,hrad;Beroun;10:15:15;;;;;;;;
N 31 54 597 5 004;Karlstejn;Beroun;10:16:15;;;;;;;;
R 764;Beroun;Karlstejn;10:17:15;;;;;;;;
Os 8845;Beroun;Karlstejn,hrad;10:18:15;;;;;;;;
R 764;Karlstejn;Beroun;10:19:15;;;;;;;;
N 31 54 597 5 004;Beroun;Karlstejn;10:20:15;;;;;;;;
Os 8845;Karlstejn,hrad;Beroun;10:21:15;;;;;;;;
N 31 54 597 5 004;Karlstejn;Beroun;10:22:15;;;;;;;;
R 764;Beroun;Karlstejn;10:23:15;;;;;;;;
Os 8845;Beroun;Karlstejn,hrad;10:24:15;;;;;;;;
R 764;Karlstejn;Beroun;10:25:15;;;;;;;;
N 31 54 597 5 004;Beroun;Karlstejn;10:26:15;;;;;;;;
Os 8845;Karlstejn,hrad;Beroun;10:27:15;;;;;;;;
N 31 54 597 5 004;Karlstejn;Beroun;10:28:15;;;;;;;;
R 764;Beroun;Karlstejn;10:29:15;;;;;;;;
Os 8845;Beroun;Karlstejn,hrad;10:30:15;;;;;;;;
R 764;Karlstejn;Beroun;10:31:15;;;;;;;;
N 31 54 597 5 004;Beroun;Karlstejn;10:32:15;;;;;;;;
Os 8845;Karlstejn,hrad;Beroun;10:33:15;;;;;;;;
N 31 54 597 5 004;Karlstejn;Beroun;10:34:15;;;;;;;;
R 764;Beroun;Karlstejn;10:35:15;;;;;;;;
Os 8845;Beroun;Karlstejn,hrad;10:36:15;;;;;;;;
R 764;Karlstejn;Beroun;10:37:15;;;;;;;;
N 31 54 597 5 004;Beroun;Karlstejn;10:38:15;;;;;;;;
Os 8845;Karlstejn,hrad;Beroun;10:39:15;;;;;;;;
N 31 54 597 5 004;Karlstejn;Beroun;10:40:15;;;;;;;;
R 764;Beroun;Karlstejn;10:41:15;;;;;;;;
Os 8845;Beroun;Karlstejn,hrad;10:42:15;;;;;;;;
R 764;Karlstejn;Beroun;10:43:15;;;;;;;;
N 31 54 597 5 004;Beroun;Karlstejn;10:44:15;;;;;;;;
Os 8845;Karlstejn,hrad;Beroun;10:45:15;;;;;;;;
N 31 54 597 5 004;Karlstejn;Beroun;10:46:15;;;;;;;;
R 764;Beroun;Karlstejn;10:47:15;;;;;;;;
Os 8845;Beroun;Karlstejn,hrad;10:48:15;;;;;;;;
R 764;Karlstejn;Beroun;10:49:15;;;;;;;;
N 31 54 597 5 004;Beroun;Karlstejn;10:50:15;;;;;;;;
Os 8845;Karlstejn,hrad;Beroun;10:51:15;;;;;;;;
N 31 54 597 5 004;Karlstejn;Beroun;10:52:15;;;;;;;;
R 764;Beroun;Karlstejn;10:53:15;;;;;;;;
Os 8845;Beroun;Karlstejn,hrad;10:54:15;;;;;;;;
R 764;Karlstejn;Beroun;10:55:15;;;;;;;;
N 31 54 597 5 004;Beroun;Karlstejn;10:56:15;;;;;;;;
Os 8845;Karlstejn,hrad;Beroun;10:57:15;;;;;;;;
N 31 54 597 5 004;Karlstejn;Beroun;10:58:15;;;;;;;;
R 764;Beroun;Karlstejn;10:59:15;;;;;;;;
Os 8845;Beroun;Karlstejn,hrad;11:00:15;;;;;;;;
R 764;Karlstejn;Beroun;11:01:15;;;;;;;;
N 31 54 597 5 004;Beroun;Karlstejn;11:02:15;;;;;;;;
Os 8845;Karlstejn,hrad;Beroun;11:03:15;;;;;;;;
N 31 54 597 5 004;Karlstejn;Beroun;11:04:15;;;;;;;;
R 764;Beroun;Karlstejn;11:05:15;;;;;;;;
Os 8845;Beroun;Karlstejn,hrad;11:06:15;;;;;;;;
R 764;Karlstejn;Beroun;11:07:15;;;;;;;;
N 31 54 597 5 004;Beroun;Karlstejn;11:08:15;;;;;;;;
Os 8845;Karlstejn,hrad;Beroun;11:09:15;;;;;;;;
N 31 54 597 5 004;Karlstejn;Beroun;11:10:15;;;;;;;;
R 764;Beroun;Karlstejn;11:11:15;;;;;;;;
Os 8845;Beroun;Karlstejn,hrad;11:12:15;;;;;;;;
R 764;Karlstejn;Beroun;11:13:15;;;;;;;;
N 31 54 597 5 004;Beroun;Karlstejn;11:14:15;;;;;;;;
Os 8845;Karlstejn,hrad;Beroun;11:15:15;;;;;;;;
N 31 54 597 5 004;Karlstejn;Beroun;11:16:15;;;;;;;;
R 764;Beroun;Karlstejn;11:17:15;;;;;;;;
Os 8845;Beroun;Karlstejn,hrad;11:18:15;;;;;;;;
R 764;Karlstejn;Beroun;11:19:15;;;;;;;;
N 31 54 597 5 004;Beroun;Karlstejn;11:20:15;;;;;;;;
Os 8845;Karlstejn,hrad;Beroun;11:21:15;;;;;;;;
N 31 54 597 5 004;Karlstejn;Beroun;11:22:15;;;;;;;;
R 764;Beroun;Karlstejn;11:23:15;;;;;;;;
Os 8845;Beroun;Karlstejn,hrad;11:24:15;;;;;;;;
R 764;Karlstejn;Beroun;11:25:15;;;;;;;;
N 31 54 597 5 004;Beroun;Karlstejn;11:26:15;;;;;;;;
Os 8845;Karlstejn,hrad;Beroun;11:27:15;;;;;;;;
N 31 54 597 5 004;Karlstejn;Beroun;11:28:15;;;;;;;;
R 764;Beroun;Karlstejn;11:29:15;;;;;;;;
Os 8845;Beroun;Karlstejn,hrad;11:30:15;;;;;;;;
R 764;Karlstejn;Beroun;11:31:15;;;;;;;;
N 31 54 597 5 004;Beroun;Karlstejn;11:32:15;;;;;;;;
Os 8845;Karlstejn,hrad;Beroun;11:33:15;;;;;;;;
N 31 54 597 5 004;Karlstejn;Beroun;11:34:15;;;;;;;;
R 764;Beroun;Karlstejn;11:35:15;;;;;;;;
Os 8845;Beroun;Karlstejn,hrad;11:36:15;;;;;;;;
R 764;Karlstejn;Beroun;11:37:15;;;;;;;;
N 31 54 597 5 004;Beroun;Karlstejn;11:38:15;;;;;;;;
Os 8845;Karlstejn,hrad;Beroun;11:39:15;;;;;;;;
N 31 54 597 5 004;Karlstejn;Beroun;11:40:15;;;;;;;;
R 764;Beroun;Karlstejn;11:41:15;;;;;;;;
Os 8845;Beroun;Karlstejn,hrad;11:42:15;;;;;;;;
R 764;Karlstejn;Beroun;11:43:15;;;;;;;;
N 31 54 597 5 004;Beroun;Karlstejn;11:44:15;;;;;;;;
Os 8845;Karlstejn,hrad;Beroun;11:45:15;;;;;;;;
N 31 54 597 5 004;Karlstejn;Beroun;11:46:15;;;;;;;;
R 764;Beroun;Karlstejn;11:47:15;;;;;;;;
Os 8845;Beroun;Karlstejn,hrad;11:48:15;;;;;;;;
R 764;Karlstejn;Beroun;11:49:15;;;;;;;;
N 31 54 597 5 004;Beroun;Karlstejn;11:50:15;;;;;;;;
Os 8845;Karlstejn,hrad;Beroun;11:51:15;;;;;;;;
N 31 54 597 5 004;Karlstejn;Beroun;11:52:15;;;;;;;;
R 764;Beroun;Karlstejn;11:53:15;;;;;;;;
Os 8845;Beroun;Karlstejn,hrad;11:54:15;;;;;;;;
R 764;Karlstejn;Beroun;11:55:15;;;;;;;;
N 31 54 597 5 004;Beroun;Karlstejn;11:56:15;;;;;;;;
Os 8845;Karlstejn,hrad;Beroun;11:57:15;;;;;;;;
N 31 54 597 5 004;Karlstejn;Beroun;11:58:15;;;;;;;;
R 764;Beroun;Karlstejn;11:59:15;;;;;;;;
Os 8845;Beroun;Karlstejn,hrad;12:00:15;;;;;;;;
R 764;Karlstejn;Beroun;12:01:15;;;;;;;;
N 31 54 597 5 004;Beroun;Karlstejn;12:02:15;;;;;;;;
Os 8845;Karlstejn,hrad;Beroun;12:03:15;;;;;;;;
N 31 54 597 5 004;Karlstejn;Beroun;12:04:15;;;;;;;;
R 764;Beroun;Karlstejn;12:05:15;;;;;;;;
Os 8845;Beroun;Karlstejn,hrad;12:06:15;;;;;;;;
R 764;Karlstejn;Beroun;12:07:15;;;;;;;;
N 31 54 597 5 004;Beroun;Karlstejn;12:08:15;;;;;;;;
Os 8845;Karlstejn,hrad;Beroun;12:09:15;;;;;;;;
N 31 54 597 5 004;Karlstejn;Beroun;12:10:15;;;;;;;;
R 764;Beroun;Karlstejn;12:11:15;;;;;;;;
Os 8845;Beroun;Karlstejn,hrad;12:12:15;;;;;;;;
R 764;Karlstejn;Beroun;12:13:15;;;;;;;;
N 31 54 597 5 004;Beroun;Karlstejn;12:14:15;;;;;;;;
Os 8845;Karlstejn,hrad;Beroun;12:15:15;;;;;;;;
N 31 54 597 5 004;Karlstejn;Beroun;12:16:15;;;;;;;;
R 764;Beroun;Karlstejn;12:17:15;;;;;;;;
Os 8845;Beroun;Karlstejn,hrad;12:18:15;;;;;;;;
R 764;Karlstejn;Beroun;12:19:15;;;;;;;;
N 31 54 597 5 004;Beroun;Karlstejn;12:20:15;;;;;;;;
Os 8845;Karlstejn,hrad;Beroun;12:21:15;;;;;;;;
N 31 54 597 5 004;Karlstejn;Beroun;12:22:15;;;;;;;;
R 764;Beroun;Karlstejn;12:23:15;;;;;;;;
Os 8845;Beroun;Karlstejn,hrad;12:24:15;;;;;;;;
R 764;Karlstejn;Beroun;12:25:15;;;;;;;;
N 31 54 597 5 004;Beroun;Karlstejn;12:26:15;;;;;;;;
Os 8845;Karlstejn,hrad;Beroun;12:27:15;;;;;;;;
N 31 54 597 5 004;Karlstejn;Beroun;12:28:15;;;;;;;;
R 764;Beroun;Karlstejn;12:29:15;;;;;;;;
Os 8845;Beroun;Karlstejn,hrad;12:30:15;;;;;;;;
R 764;Karlstejn;Beroun;12:31:15;;;;;;;;
N 31 54 597 5 004;Beroun;Karlstejn;12:32:15;;;;;;;;
Os 8845;Karlstejn,hrad;Beroun;12:33:15;;;;;;;;
N 31 54 597 5 004;Karlstejn;Beroun;12:34:15;;;;;;;;
R 764;Beroun;Karlstejn;12:35:15;;;;;;;;
Os 8845;Beroun;Karlstejn,hrad;12:36:15;;;;;;;;
R 764;Karlstejn;Beroun;12:37:15;;;;;;;;
N 31 54 597 5 004;Beroun;Karlstejn;12:38:15;;;;;;;;
Os 8845;Karlstejn,hrad;Beroun;12:39:15;;;;;;;;
N 31 54 597 5 004;Karlstejn;Beroun;12:40:15;;;;;;;;
R 764;Beroun;Karlstejn;12:41:15;;;;;;;;
Os 8845;Beroun;Karlstejn,hrad;12:42:15;;;;;;;;
R 764;Karlstejn;Beroun;12:43:15;;;;;;;;
N 31 54 597 5 004;Beroun;Karlstejn;12:44:15;;;;;;;;
Os 8845;Karlstejn,hrad;Beroun;12:45:15;;;;;;;;
N 31 54 597 5 004;Karlstejn;Beroun;12:46:15;;;;;;;;
R 764;Beroun;Karlstejn;12:47:15;;;;;;;;
Os 8845;Beroun;Karlstejn,hrad;12:48:15;;;;;;;;
R 764;Karlstejn;Beroun;12:49:15;;;;;;;;
N 31 54 597 5 004;Beroun;Karlstejn;12:50:15;;;;;;;;
Os 8845;Karlstejn,hrad;Beroun;12:51:15;;;;;;;;
N 31 54 597 5 004;Karlstejn;Beroun;12:52:15;;;;;;;;
R 764;Beroun;Karlstejn;12:53:15;;;;;;;;
Os 8845;Beroun;Karlstejn,hrad;12:54:15;;;;;;;;
R 764;Karlstejn;Beroun;12:55:15;;;;;;;;
N 31 54 597 5 004;Beroun;Karlstejn;12:56:15;;;;;;;;
Os 8845;Karlstejn,hrad;Beroun;12:57:15;;;;;;;;
N 31 54 597 5 004;Karlstejn;Beroun;12:58:15;;;;;;;;
R 764;Beroun;Karlstejn;12:59:15;;;;;;;;
Os 8845;Beroun;Karlstejn,hrad;13:00:15;;;;;;;;
R 764;Karlstejn;Beroun;13:01:15;;;;;;;;
N 31 54 597 5 004;Beroun;Karlstejn;13:02:15;;;;;;;;
Os 8845;Karlstejn,hrad;Beroun;13:03:15;;;;;;;;
N 31 54 597 5 004;Karlstejn;Beroun;13:04:15;;;;;;;;
R 764;Beroun;Karlstejn;13:05:15;;;;;;;;
Os 8845;Beroun;Karlstejn,hrad;13:06:15;;;;;;;;
R 764;Karlstejn;Beroun;13:07:15;;;;;;;;
N 31 54 597 5 004;Beroun;Karlstejn;13:08:15;;;;;;;;
Os 8845;Karlstejn,hrad;Beroun;13:09:15;;;;;;;;
N 31 54 597 5 004;Karlstejn;Beroun;13:10:15;;;;;;;;
R 764;Beroun;Karlstejn;13:11:15;;;;;;;;
Os 8845;Beroun;Karlstejn,hrad;13:12:15;;;;;;;;
R 764;Karlstejn;Beroun;13:13:15;;;;;;;;
N 31 54 597 5 004;Beroun;Karlstejn;13:14:15;;;;;;;;
Os 8845;Karlstejn,hrad;Beroun;13:15:15;;;;;;;;
N 31 54 597 5 004;Karlstejn;Beroun;13:16:15;;;;;;;;
R 764;Beroun;Karlstejn;13:17:15;;;;;;;;
Os 8845;Beroun;Karlstejn,hrad;13:18:15;;;;;;;;
R 764;Karlstejn;Beroun;13:19:15;;;;;;;;
N 31 54 597 5 004;Beroun;Karlstejn;13:20:15;;;;;;;;
Os 8845;Karlstejn,hrad;Beroun;13:21:15;;;;;;;;
N 31 54 597 5 004;Karlstejn;Beroun;13:22:15;;;;;;;;
R 764;Beroun;Karlstejn;13:23:15;;;;;;;;
Os 8845;Beroun;Karlstejn,hrad;13:24:15;;;;;;;;
R 764;Karlstejn;Beroun;13:25:15;;;;;;;;
N 31 54 597 5 004;Beroun;Karlstejn;13:26:15;;;;;;;;
Os 8845;Karlstejn,hrad;Beroun;13:27:15;;;;;;;;
N 31 54 597 5 004;Karlstejn;Beroun;13:28:15;;;;;;;;
R 764;Beroun;Karlstejn;13:29:15;;;;;;;;
Os 8845;Beroun;Karlstejn,hrad;13:30:15;;;;;;;;
R 764;Karlstejn;Beroun;13:31:15;;;;;;;;
N 31 54 597 5 004;Beroun;Karlstejn;13:32:15;;;;;;;;
Os 8845;Karlstejn,hrad;Beroun;13:33:15;;;;;;;;
N 31 54 597 5 004;Karlstejn;Beroun;13:34:15;;;;;;;;
R 764;Beroun;Karlstejn;13:35:15;;;;;;;;
Os 8845;Beroun;Karlstejn,hrad;13:36:15;;;;;;;;
R 764;Karlstejn;Beroun;13:37:15;;;;;;;;
N 31 54 597 5 004;Beroun;Karlstejn;13:38:15;;;;;;;;
Os 8845;Karlstejn,hrad;Beroun;13:39:15;;;;;;;;
N 31 54 597 5 004;Karlstejn;Beroun;13:40:15;;;;;;;;
R 764;Beroun;Karlstejn;13:41:15;;;;;;;;
Os 8845;Beroun;Karlstejn,hrad;13:42:15;;;;;;;;
R 764;Karlstejn;Beroun;13:43:15;;;;;;;;
N 31 54 597 5 004;Beroun;Karlstejn;13:44:15;;;;;;;;
Os 8845;Karlstejn,hrad;Beroun;13:45:15;;;;;;;;
N 31 54 597 5 004;Karlstejn;Beroun;13:46:15;;;;;;;;
R 764;Beroun;Karlstejn;13:47:15;;;;;;;;
Os 8845;Beroun;Karlstejn,hrad;13:48:15;;;;;;;;
R 764;Karlstejn;Beroun;13:49:15;;;;;;;;
N 31 54 597 5 004;Beroun;Karlstejn;13:50:15;;;;;;;;
Os 8845;Karlstejn,hrad;Beroun;13:51:15;;;;;;;;
N 31 54 597 5 004;Karlstejn;Beroun;13:52:15;;;;;;;;
R 764;Beroun;Karlstejn;13:53:15;;;;;;;;
Os 8845;Beroun;Karlstejn,hrad;13:54:15;;;;;;;;
R 764;Karlstejn;Beroun;13:55:15;;;;;;;;
N 31 54 597 5 004;Beroun;Karlstejn;13:56:15;;;;;;;;
Os 8845;Karlstejn,hrad;Beroun;13:57:15;;;;;;;;
N 31 54 597 5 004;Karlstejn;Beroun;13:58:15;;;;;;;;
R 764;Beroun;Karlstejn;13:59:15;;;;;;;;
Os 8845;Beroun;Karlstejn,hrad;14:00:15;;;;;;;;
R 764;Karlstejn;Beroun;14:01:15;;;;;;;;
N 31 54 597 5 004;Beroun;Karlstejn;14:02:15;;;;;;;;
Os 8845;Karlstejn,hrad;Beroun;14:03:15;;;;;;;;
N 31 54 597 5 004;Karlstejn;Beroun;14:04:15;;;;;;;;
R 764;Beroun;Karlstejn;14:05:15;;;;;;;;
Os 8845;Beroun;Karlstejn,hrad;14:06:15;;;;;;;;
R 764;Karlstejn;Beroun;14:07:15;;;;;;;;
N 31 54 597 5 004;Beroun;Karlstejn;14:08:15;;;;;;;;
Os 8845;Karlstejn,hrad;Beroun;14:09:15;;;;;;;;
N 31 54 597 5 004;Karlstejn;Beroun;14:10:15;;;;;;;;
R 764;Beroun;Karlstejn;14:11:15;;;;;;;;
Os 8845;Beroun;Karlstejn,hrad;14:12:15;;;;;;;;
R 764;Karlstejn;Beroun;14:13:15;;;;;;;;
N 31 54 597 5 004;Beroun;Karlstejn;14:14:15;;;;;;;;
Os 8845;Karlstejn,hrad;Beroun;14:15:15;;;;;;;;
N 31 54 597 5 004;Karlstejn;Beroun;14:16:15;;;;;;;;
R 764;Beroun;Karlstejn;14:17:15;;;;;;;;
Os 8845;Beroun;Karlstejn,hrad;14:18:15;;;;;;;;
R 764;Karlstejn;Beroun;14:19:15;;;;;;;;
N 31 54 597 5 004;Beroun;Karlstejn;14:20:15;;;;;;;;
Os 8845;Karlstejn,hrad;Beroun;14:21:15;;;;;;;;
N 31 54 597 5 004;Karlstejn;Beroun;14:22:15;;;;;;;;
R 764;Beroun;Karlstejn;14:23:15;;;;;;;;
Os 8845;Beroun;Karlstejn,hrad;14:24:15;;;;;;;;
R 764;Karlstejn;Beroun;14:25:15;;;;;;;;
N 31 54 597 5 004;Beroun;Karlstejn;14:26:15;;;;;;;;
Os 8845;Karlstejn,hrad;Beroun;14:27:15;;;;;;;;
N 31 54 597 5 004;Karlstejn;Beroun;14:28:15;;;;;;;;
R 764;Beroun;Karlstejn;14:29:15;;;;;;;;
Os 8845;Beroun;Karlstejn,hrad;14:30:15;;;;;;;;
R 764;Karlstejn;Beroun;14:31:15;;;;;;;;
N 31 54 597 5 004;Beroun;Karlstejn;14:32:15;;;;;;;;
Os 8845;Karlstejn,hrad;Beroun;14:33:15;;;;;;;;
N 31 54 597 5 004;Karlstejn;Beroun;14:34:15;;;;;;;;
R 764;Beroun;Karlstejn;14:35:15;;;;;;;;
Os 8845;Beroun;Karlstejn,hrad;14:36:15;;;;;;;;
R 764;Karlstejn;Beroun;14:37:15;;;;;;;;
N 31 54 597 5 004;Beroun;Karlstejn;14:38:15;;;;;;;;
Os 8845;Karlstejn,hrad;Beroun;14:39:15;;;;;;;;
N 31 54 597 5 004;Karlstejn;Beroun;14:40:15;;;;;;;;
R 764;Beroun;Karlstejn;14:41:15;;;;;;;;
Os 8845;Beroun;Karlstejn,hrad;14:42:15;;;;;;;;
R 764;Karlstejn;Beroun;14:43:15;;;;;;;;
N 31 54 597 5 004;Beroun;Karlstejn;14:44:15;;;;;;;;
Os 8845;Karlstejn,hrad;Beroun;14:45:15;;;;;;;;
N 31 54 597 5 004;Karlstejn;Beroun;14:46:15;;;;;;;;
R 764;Beroun;Karlstejn;14:47:15;;;;;;;;
Os 8845;Beroun;Karlstejn,hrad;14:48:15;;;;;;;;
R 764;Karlstejn;Beroun;14:49:15;;;;;;;;
N 31 54 597 5 004;Beroun;Karlstejn;14:50:15;;;;;;;;
Os 8845;Karlstejn,hrad;Beroun;14:51:15;;;;;;;;
N 31 54 597 5 004;Karlstejn;Beroun;14:52:15;;;;;;;;
R 764;Beroun;Karlstejn;14:53:15;;;;;;;;
Os 8845;Beroun;Karlstejn,hrad;14:54:15;;;;;;;;
R 764;Karlstejn;Beroun;14:55:15;;;;;;;;
N 31 54 597 5 004;Beroun;Karlstejn;14:56:15;;;;;;;;
Os 8845;Karlstejn,hrad;Beroun;14:57:15;;;;;;;;
N 31 54 597 5 004;Karlstejn;Beroun;14:58:15;;;;;;;;
R 764;Beroun;Karlstejn;14:59:15;;;;;;;;
Os 8845;Beroun;Karlstejn,hrad;15:00:15;;;;;;;;
R 764;Karlstejn;Beroun;15:01:15;;;;;;;;
N 31 54 597 5 004;Beroun;Karlstejn;15:02:15;;;;;;;;
Os 8845;Karlstejn,hrad;Beroun;15:03:15;;;;;;;;
N 31 54 597 5 004;Karlstejn;Beroun;15:04:15;;;;;;;;
R 764;Beroun;Karlstejn;15:05:15;;;;;;;;
Os 8845;Beroun;Karlstejn,hrad;15:06:15;;;;;;;;
R 764;Karlstejn;Beroun;15:07:15;;;;;;;;
N 31 54 597 5 004;Beroun;Karlstejn;15:08:15;;;;;;;;
Os 8845;Karlstejn,hrad;Beroun;15:09:15;;;;;;;;
N 31 54 597 5 004;Karlstejn;Beroun;15:10:15;;;;;;;;
R 764;Beroun;Karlstejn;15:11:15;;;;;;;;
Os 8845;Beroun;Karlstejn,hrad;15:12:15;;;;;;;;
R 764;Karlstejn;Beroun;15:13:15;;;;;;;;
N 31 54 597 5 004;Beroun;Karlstejn;15:14:15;;;;;;;;
Os 8845;Karlstejn,hrad;Beroun;15:15:15;;;;;;;;
N 31 54 597 5 004;Karlstejn;Beroun;15:16:15;;;;;;;;
R 764;Beroun;Karlstejn;15:17:15;;;;;;;;
Os 8845;Beroun;Karlstejn,hrad;15:18:15;;;;;;;;
R 764;Karlstejn;Beroun;15:19:15;;;;;;;;
N 31 54 597 5 004;Beroun;Karlstejn;15:20:15;;;;;;;;
Os 8845;Karlstejn,hrad;Beroun;15:21:15;;;;;;;;
N 31 54 597 5 004;Karlstejn;Beroun;15:22:15;;;;;;;;
R 764;Beroun;Karlstejn;15:23:15;;;;;;;;
Os 8845;Beroun;Karlstejn,hrad;15:24:15;;;;;;;;
R 764;Karlstejn;Beroun;15:25:15;;;;;;;;
N 31 54 597 5 004;Beroun;Karlstejn;15:26:15;;;;;;;;
Os 8845;Karlstejn,hrad;Beroun;15:27:15;;;;;;;;
N 31 54 597 5 004;Karlstejn;Beroun;15:28:15;;;;;;;;
R 764;Beroun;Karlstejn;15:29:15;;;;;;;;
Os 8845;Beroun;Karlstejn,hrad;15:30:15;;;;;;;;
R 764;Karlstejn;Beroun;15:31:15;;;;;;;;
N 31 54 597 5 004;Beroun;Karlstejn;15:32:15;;;;;;;;
Os 8845;Karlstejn,hrad;Beroun;15:33:15;;;;;;;;
N 31 54 597 5 004;Karlstejn;Beroun;15:34:15;;;;;;;;
R 764;Beroun;Karlstejn;15:35:15;;;;;;;;
Os 8845;Beroun;Karlstejn,hrad;15:36:15;;;;;;;;
R 764;Karlstejn;Beroun;15:37:15;;;;;;;;
N 31 54 597 5 004;Beroun;Karlstejn;15:38:15;;;;;;;;
Os 8845;Karlstejn,hrad;Beroun;15:39:15;;;;;;;;
N 31 54 597 5 004;Karlstejn;Beroun;15:40:15;;;;;;;;
R 764;Beroun;Karlstejn;15:41:15;;;;;;;;
Os 8845;Beroun;Karlstejn,hrad;15:42:15;;;;;;;;
R 764;Karlstejn;Beroun;15:43:15;;;;;;;;
N 31 54 597 5 004;Beroun;Karlstejn;15:44:15;;;;;;;;
Os 8845;Karlstejn,hrad;Beroun;15:45:15;;;;;;;;
N 31 54 597 5 004;Karlstejn;Beroun;15:46:15;;;;;;;;
R 764;Beroun;Karlstejn;15:47:15;;;;;;;;
Os 8845;Beroun;Karlstejn,hrad;15:48:15;;;;;;;;
R 764;Karlstejn;Beroun;15:49:15;;;;;;;;
N 31 54 597 5 004;Beroun;Karlstejn;15:50:15;;;;;;;;
Os 8845;Karlstejn,hrad;Beroun;15:51:15;;;;;;;;
N 31 54 597 5 004;Karlstejn;Beroun;15:52:15;;;;;;;;
R 764;Beroun;Karlstejn;15:53:15;;;;;;;;
Os 8845;Beroun;Karlstejn,hrad;15:54:15;;;;;;;;
R 764;Karlstejn;Beroun;15:55:15;;;;;;;;
N 31 54 597 5 004;Beroun;Karlstejn;15:56:15;;;;;;;;
Os 8845;Karlstejn,hrad;Beroun;15:57:15;;;;;;;;
N 31 54 597 5 004;Karlstejn;Beroun;15:58:15;;;;;;;;
R 764;Beroun;Karlstejn;15:59:15;;;;;;;;
Os 8845;Beroun;Karlstejn,hrad;16:00:15;;;;;;;;
R 764;Karlstejn;Beroun;16:01:15;;;;;;;;
N 31 54 597 5 004;Beroun;Karlstejn;16:02:15;;;;;;;;
Os 8845;Karlstejn,hrad;Beroun;16:03:15;;;;;;;;
N 31 54 597 5 004;Karlstejn;Beroun;16:04:15;;;;;;;;
R 764;Beroun;Karlstejn;16:05:15;;;;;;;;
Os 8845;Beroun;Karlstejn,hrad;16:06:15;;;;;;;;
R 764;Karlstejn;Beroun;16:07:15;;;;;;;;
N 31 54 597 5 004;Beroun;Karlstejn;16:08:15;;;;;;;;
Os 8845;Karlstejn,hrad;Beroun;16:09:15;;;;;;;;
N 31 54 597 5 004;Karlstejn;Beroun;16:10:15;;;;;;;;
R 764;Beroun;Karlstejn;16:11:15;;;;;;;;
Os 8845;Beroun;Karlstejn,hrad;16:12:15;;;;;;;;
R 764;Karlstejn;Beroun;16:13:15;;;;;;;;
N 31 54 597 5 004;Beroun;Karlstejn;16:14:15;;;;;;;;
Os 8845;Karlstejn,hrad;Beroun;16:15:15;;;;;;;;
N 31 54 597 5 004;Karlstejn;Beroun;16:16:15;;;;;;;;
R 764;Beroun;Karlstejn;16:17:15;;;;;;;;
Os 8845;Beroun;Karlstejn,hrad;16:18:15;;;;;;;;
R 764;Karlstejn;Beroun;16:19:15;;;;;;;;
N 31 54 597 5 004;Beroun;Karlstejn;16:20:15;;;;;;;;
Os 8845;Karlstejn,hrad;Beroun;16:21:15;;;;;;;;
N 31 54 597 5 004;Karlstejn;Beroun;16:22:15;;;;;;;;
R 764;Beroun;Karlstejn;16:23:15;;;;;;;;
Os 8845;Beroun;Karlstejn,hrad;16:24:15;;;;;;;;
R 764;Karlstejn;Beroun;16:25:15;;;;;;;;
N 31 54 597 5 004;Beroun;Karlstejn;16:26:15;;;;;;;;
Os 8845;Karlstejn,hrad;Beroun;16:27:15;;;;;;;;
N 31 54 597 5 004;Karlstejn;Beroun;16:28:15;;;;;;;;
R 764;Beroun;Karlstejn;16:29:15;;;;;;;;
Os 8845;Beroun;Karlstejn,hrad;16:30:15;;;;;;;;
R 764;Karlstejn;Beroun;16:31:15;;;;;;;;
N 31 54 597 5 004;Beroun;Karlstejn;16:32:15;;;;;;;;
Os 8845;Karlstejn,hrad;Beroun;16:33:15;;;;;;;;
N 31 54 597 5 004;Karlstejn;Beroun;16:34:15;;;;;;;;
R 764;Beroun;Karlstejn;16:35:15;;;;;;;;
Os 8845;Beroun;Karlstejn,hrad;16:36:15;;;;;;;;
R 764;Karlstejn;Beroun;16:37:15;;;;;;;;
N 31 54 597 5 004;Beroun;Karlstejn;16:38:15;;;;;;;;
Os 8845;Karlstejn,hrad;Beroun;16:39:15;;;;;;;;
N 31 54 597 5 004;Karlstejn;Beroun;16:40:15;;;;;;;;
R 764;Beroun;Karlstejn;16:41:15;;;;;;;;
Os 8845;Beroun;Karlstejn,hrad;16:42:15;;;;;;;;
R 764;Karlstejn;Beroun;16:43:15;;;;;;;;
N 31 54 597 5 004;Beroun;Karlstejn;16:44:15;;;;;;;;
Os 8845;Karlstejn,hrad;Beroun;16:45:15;;;;;;;;
N 31 54 597 5 004;Karlstejn;Beroun;16:46:15;;;;;;;;
R 764;Beroun;Karlstejn;16:47:15;;;;;;;;
Os 8845;Beroun;Karlstejn,hrad;16:48:15;;;;;;;;
R 764;Karlstejn;Beroun;16:49:15;;;;;;;;
N 31 54 597 5 004;Beroun;Karlstejn;16:50:15;;;;;;;;
Os 8845;Karlstejn,hrad;Beroun;16:51:15;;;;;;;;
N 31 54 597 5 004;Karlstejn;Beroun;16:52:15;;;;;;;;
R 764;Beroun;Karlstejn;16:53:15;;;;;;;;
Os 8845;Beroun;Karlstejn,hrad;16:54:15;;;;;;;;
R 764;Karlstejn;Beroun;16:55:15;;;;;;;;
N 31 54 597 5 004;Beroun;Karlstejn;16:56:15;;;;;;;;
Os 8845;Karlstejn,hrad;Beroun;16:57:15;;;;;;;;
N 31 54 597 5 004;Karlstejn;Beroun;16:58:15;;;;;;;;
R 764;Beroun;Karlstejn;16:59:15;;;;;;;;
Os 8845;Beroun;Karlstejn,hrad;17:00:15;;;;;;;;
R 764;Karlstejn;Beroun;17:01:15;;;;;;;;
N 31 54 597 5 004;Beroun;Karlstejn;17:02:15;;;;;;;;
Os 8845;Karlstejn,hrad;Beroun;17:03:15;;;;;;;;
N 31 54 597 5 004;Karlstejn;Beroun;17:04:15;;;;;;;;
R 764;Beroun;Karlstejn;17:05:15;;;;;;;;
Os 8845;Beroun;Karlstejn,hrad;17:06:15;;;;;;;;
R 764;Karlstejn;Beroun;17:07:15;;;;;;;;
N 31 54 597 5 004;Beroun;Karlstejn;17:08:15;;;;;;;;
Os 8845;Karlstejn,hrad;Beroun;17:09:15;;;;;;;;
N 31 54 597 5 004;Karlstejn;Beroun;17:10:15;;;;;;;;
R 764;Beroun;Karlstejn;17:11:15;;;;;;;;
Os 8845;Beroun;Karlstejn,hrad;17:12:15;;;;;;;;
R 764;Karlstejn;Beroun;17:13:15;;;;;;;;
N 31 54 597 5 004;Beroun;Karlstejn;17:14:15;;;;;;;;
Os 8845;Karlstejn,hrad;Beroun;17:15:15;;;;;;;;
N 31 54 597 5 004;Karlstejn;Beroun;17:16:15;;;;;;;;
R 764;Beroun;Karlstejn;17:17:15;;;;;;;;
Os 8845;Beroun;Karlstejn,hrad;17:18:15;;;;;;;;
R 764;Karlstejn;Beroun;17:19:15;;;;;;;;
N 31 54 597 5 004;Beroun;Karlstejn;17:20:15;;;;;;;;
Os 8845;Karlstejn,hrad;Beroun;17:21:15;;;;;;;;
N 31 54 597 5 004;Karlstejn;Beroun;17:22:15;;;;;;;;
R 764;Beroun;Karlstejn;17:23:15;;;;;;;;
Os 8845;Beroun;Karlstejn,hrad;17:24:15;;;;;;;;
R 764;Karlstejn;Beroun;17:25:15;;;;;;;;
N 31 54 597 5 004;Beroun;Karlstejn;17:26:15;;;;;;;;
Os 8845;Karlstejn,hrad;Beroun;17:27:15;;;;;;;;
N 31 54 597 5 004;Karlstejn;Beroun;17:28:15;;;;;;;;
R 764;Beroun;Karlstejn;17:29:15;;;;;;;;
Os 8845;Beroun;Karlstejn,hrad;17:30:15;;;;;;;;
R 764;Karlstejn;Beroun;17:31:15;;;;;;;;
N 31 54 597 5 004;Beroun;Karlstejn;17:32:15;;;;;;;;
Os 8845;Karlstejn,hrad;Beroun;17:33:15;;;;;;;;
N 31 54 597 5 004;Karlstejn;Beroun;17:34:15;;;;;;;;
R 764;Beroun;Karlstejn;17:35:15;;;;;;;;
Os 8845;Beroun;Karlstejn,hrad;17:36:15;;;;;;;;
R 764;Karlstejn;Beroun;17:37:15;;;;;;;;
N 31 54 597 5 004;Beroun;Karlstejn;17:38:15;;;;;;;;
Os 8845;Karlstejn,hrad;Beroun;17:39:15;;;;;;;;
N 31 54 597 5 004;Karlstejn;Beroun;17:40:15;;;;;;;;
R 764;Beroun;Karlstejn;17:41:15;;;;;;;;
Os 8845;Beroun;Karlstejn,hrad;17:42:15;;;;;;;;
R 764;Karlstejn;Beroun;17:43:15;;;;;;;;
N 31 54 597 5 004;Beroun;Karlstejn;17:44:15;;;;;;;;
Os 8845;Karlstejn,hrad;Beroun;17:45:15;;;;;;;;
N 31 54 597 5 004;Karlstejn;Beroun;17:46:15;;;;;;;;
R 764;Beroun;Karlstejn;17:47:15;;;;;;;;
Os 8845;Beroun;Karlstejn,hrad;17:48:15;;;;;;;;
R 764;Karlstejn;Beroun;17:49:15;;;;;;;;
N 31 54 597 5 004;Beroun;Karlstejn;17:50:15;;;;;;;;
Os 8845;Karlstejn,hrad;Beroun;17:51:15;;;;;;;;
N 31 54 597 5 004;Karlstejn;Beroun;17:52:15;;;;;;;;
R 764;Beroun;Karlstejn;17:53:15;;;;;;;;
Os 8845;Beroun;Karlstejn,hrad;17:54:15;;;;;;;;
R 764;Karlstejn;Beroun;17:55:15;;;;;;;;
N 31 54 597 5 004;Beroun;Karlstejn;17:56:15;;;;;;;;
Os 8845;Karlstejn,hrad;Beroun;17:57:15;;;;;;;;
N 31 54 597 5 004;Karlstejn;Beroun;17:58:15;;;;;;;;
R 764;Beroun;Karlstejn;17:59:15;;;;;;;;
Os 8845;Beroun;Karlstejn,hrad;18:00:15;;;;;;;;
R 764;Karlstejn;Beroun;18:01:15;;;;;;;;
N 31 54 597 5 004;Beroun;Karlstejn;18:02:15;;;;;;;;
Os 8845;Karlstejn,hrad;Beroun;18:03:15;;;;;;;;
N 31 54 597 5 004;Karlstejn;Beroun;18:04:15;;;;;;;;
R 764;Beroun;Karlstejn;18:05:15;;;;;;;;
Os 8845;Beroun;Karlstejn,hrad;18:06:15;;;;;;;;
R 764;Karlstejn;Beroun;18:07:15;;;;;;;;
N 31 54 597 5 004;Beroun;Karlstejn;18:08:15;;;;;;;;
Os 8845;Karlstejn,hrad;Beroun;18:09:15;;;;;;;;
N 31 54 597 5 004;Karlstejn;Beroun;18:10:15;;;;;;;;
R 764;Beroun;Karlstejn;18:11:15;;;;;;;;
Os 8845;Beroun;Karlstejn,hrad;18:12:15;;;;;;;;
R 764;Karlstejn;Beroun;18:13:15;;;;;;;;
N 31 54 597 5 004;Beroun;Karlstejn;18:14:15;;;;;;;;
Os 8845;Karlstejn,hrad;Beroun;18:15:15;;;;;;;;
N 31 54 597 5 004;Karlstejn;Beroun;18:16:15;;;;;;;;
R 764;Beroun;Karlstejn;18:17:15;;;;;;;;
Os 8845;Beroun;Karlstejn,hrad;18:18:15;;;;;;;;
R 764;Karlstejn;Beroun;18:19:15;;;;;;;;
N 31 54 597 5 004;Beroun;Karlstejn;18:20:15;;;;;;;;
Os 8845;Karlstejn,hrad;Beroun;18:21:15;;;;;;;;
N 31 54 597 5 004;Karlstejn;Beroun;18:22:15;;;;;;;;
R 764;Beroun;Karlstejn;18:23:15;;;;;;;;
Os 8845;Beroun;Karlstejn,hrad;18:24:15;;;;;;;;
R 764;Karlstejn;Beroun;18:25:15;;;;;;;;
N 31 54 597 5 004;Beroun;Karlstejn;18:26:15;;;;;;;;
Os 8845;Karlstejn,hrad;Beroun;18:27:15;;;;;;;;
N 31 54 597 5 004;Karlstejn;Beroun;18:28:15;;;;;;;;
R 764;Beroun;Karlstejn;18:29:15;;;;;;;;
Os 8845;Beroun;Karlstejn,hrad;18:30:15;;;;;;;;
R 764;Karlstejn;Beroun;18:31:15;;;;;;;;
N 31 54 597 5 004;Beroun;Karlstejn;18:32:15;;;;;;;;
Os 8845;Karlstejn,hrad;Beroun;18:33:15;;;;;;;;
N 31 54 597 5 004;Karlstejn;Beroun;18:34:15;;;;;;;;
R 764;Beroun;Karlstejn;18:35:15;;;;;;;;
Os 8845;Beroun;Karlstejn,hrad;18:36:15;;;;;;;;
R 764;Karlstejn;Beroun;18:37:15;;;;;;;;
N 31 54 597 5 004;Beroun;Karlstejn;18:38:15;;;;;;;;
Os 8845;Karlstejn,hrad;Beroun;18:39:15;;;;;;;;
N 31 54 597 5 004;Karlstejn;Beroun;18:40:15;;;;;;;;
R 764;Beroun;Karlstejn;18:41:15;;;;;;;;
Os 8845;Beroun;Karlstejn,hrad;18:42:15;;;;;;;;
R 764;Karlstejn;Beroun;18:43:15;;;;;;;;
N 31 54 597 5 004;Beroun;Karlstejn;18:44:15;;;;;;;;
Os 8845;Karlstejn,hrad;Beroun;18:45:15;;;;;;;;
N 31 54 597 5 004;Karlstejn;Beroun;18:46:15;;;;;;;;
R 764;Beroun;Karlstejn;18:47:15;;;;;;;;
Os 8845;Beroun;Karlstejn,hrad;18:48:15;;;;;;;;
R 764;Karlstejn;Beroun;18:49:15;;;;;;;;
N 31 54 597 5 004;Beroun;Karlstejn;18:50:15;;;;;;;;
Os 8845;Karlstejn,hrad;Beroun;18:51:15;;;;;;;;
N 31 54 597 5 004;Karlstejn;Beroun;18:52:15;;;;;;;;
R 764;Beroun;Karlstejn;18:53:15;;;;;;;;
Os 8845;Beroun;Karlstejn,hrad;18:54:15;;;;;;;;
R 764;Karlstejn;Beroun;18:55:15;;;;;;;;
N 31 54 597 5 004;Beroun;Karlstejn;18:56:15;;;;;;;;
Os 8845;Karlstejn,hrad;Beroun;18:57:15;;;;;;;;
N 31 54 597 5 004;Karlstejn;Beroun;18:58:15;;;;;;;;
R 764;Beroun;Karlstejn;18:59:15;;;;;;;;
Os 8845;Beroun;Karlstejn,hrad;19:00:15;;;;;;;;
R 764;Karlstejn;Beroun;19:01:15;;;;;;;;
N 31 54 597 5 004;Beroun;Karlstejn;19:02:15;;;;;;;;
Os 8845;Karlstejn,hrad;Beroun;19:03:15;;;;;;;;
N 31 54 597 5 004;Karlstejn;Beroun;19:04:15;;;;;;;;
R 764;Beroun;Karlstejn;19:05:15;;;;;;;;
Os 8845;Beroun;Karlstejn,hrad;19:06:15;;;;;;;;
R 764;Karlstejn;Beroun;19:07:15;;;;;;;;
N 31 54 597 5 004;Beroun;Karlstejn;19:08:15;;;;;;;;
Os 8845;Karlstejn,hrad;Beroun;19:09:15;;;;;;;;
N 31 54 597 5 004;Karlstejn;Beroun;19:10:15;;;;;;;;
R 764;Beroun;Karlstejn;19:11:15;;;;;;;;
Os 8845;Beroun;Karlstejn,hrad;19:12:15;;;;;;;;
R 764;Karlstejn;Beroun;19:13:15;;;;;;;;
N 31 54 597 5 004;Beroun;Karlstejn;19:14:15;;;;;;;;
Os 8845;Karlstejn,hrad;Beroun;19:15:15;;;;;;;;
N 31 54 597 5 004;Karlstejn;Beroun;19:16:15;;;;;;;;
R 764;Beroun;Karlstejn;19:17:15;;;;;;;;
Os 8845;Beroun;Karlstejn,hrad;19:18:15;;;;;;;;
R 764;Karlstejn;Beroun;19:19:15;;;;;;;;
N 31 54 597 5 004;Beroun;Karlstejn;19:20:15;;;;;;;;
Os 8845;Karlstejn,hrad;Beroun;19:21:15;;;;;;;;
N 31 54 597 5 004;Karlstejn;Beroun;19:22:15;;;;;;;;
R 764;Beroun;Karlstejn;19:23:15;;;;;;;;
Os 8845;Beroun;Karlstejn,hrad;19:24:15;;;;;;;;
R 764;Karlstejn;Beroun;19:25:15;;;;;;;;
N 31 54 597 5 004;Beroun;Karlstejn;19:26:15;;;;;;;;
Os 8845;Karlstejn,hrad;Beroun;19:27:15;;;;;;;;
N 31 54 597 5 004;Karlstejn;Beroun;19:28:15;;;;;;;;
R 764;Beroun;Karlstejn;19:29:15;;;;;;;;
Os 8845;Beroun;Karlstejn,hrad;19:30:15;;;;;;;;
R 764;Karlstejn;Beroun;19:31:15;;;;;;;;
N 31 54 597 5 004;Beroun;Karlstejn;19:32:15;;;;;;;;
Os 8845;Karlstejn,hrad;Beroun;19:33:15;;;;;;;;
N 31 54 597 5 004;Karlstejn;Beroun;19:34:15;;;;;;;;
R 764;Beroun;Karlstejn;19:35:15;;;;;;;;
Os 8845;Beroun;Karlstejn,hrad;19:36:15;;;;;;;;
R 764;Karlstejn;Beroun;19:37:15;;;;;;;;
N 31 54 597 5 004;Beroun;Karlstejn;19:38:15;;;;;;;;
Os 8845;Karlstejn,hrad;Beroun;19:39:15;;;;;;;;
N 31 54 597 5 004;Karlstejn;Beroun;19:40:15;;;;;;;;
R 764;Beroun;Karlstejn;19:41:15;;;;;;;;
Os 8845;Beroun;Karlstejn,hrad;19:42:15;;;;;;;;
R 764;Karlstejn;Beroun;19:43:15;;;;;;;;
N 31 54 597 5 004;Beroun;Karlstejn;19:44:15;;;;;;;;
Os 8845;Karlstejn,hrad;Beroun;19:45:15;;;;;;;;
N 31 54 597 5 004;Karlstejn;Beroun;19:46:15;;;;;;;;
R 764;Beroun;Karlstejn;19:47:15;;;;;;;;
Os 8845;Beroun;Karlstejn,hrad;19:48:15;;;;;;;;
R 764;Karlstejn;Beroun;19:49:15;;;;;;;;
N 31 54 597 5 004;Beroun;Karlstejn;19:50:15;;;;;;;;
Os 8845;Karlstejn,hrad;Beroun;19:51:15;;;;;;;;
N 31 54 597 5 004;Karlstejn;Beroun;19:52:15;;;;;;;;
R 764;Beroun;Karlstejn;19:53:15;;;;;;;;
Os 8845;Beroun;Karlstejn,hrad;19:54:15;;;;;;;;
R 764;Karlstejn;Beroun;19:55:15;;;;;;;;
N 31 54 597 5 004;Beroun;Karlstejn;19:56:15;;;;;;;;
Os 8845;Karlstejn,hrad;Beroun;19:57:15;;;;;;;;
N 31 54 597 5 004;Karlstejn;Beroun;19:58:15;;;;;;;;
R 764;Beroun;Karlstejn;19:59:15;;;;;;;;
Os 8845;Beroun;Karlstejn,hrad;20:00:15;;;;;;;;
R 764;Karlstejn;Beroun;20:01:15;;;;;;;;
N 31 54 597 5 004;Beroun;Karlstejn;20:02:15;;;;;;;;
Os 8845;Karlstejn,hrad;Beroun;20:03:15;;;;;;;;
N 31 54 597 5 004;Karlstejn;Beroun;20:04:15;;;;;;;;
R 764;Beroun;Karlstejn;20:05:15;;;;;;;;
Os 8845;Beroun;Karlstejn,hrad;20:06:15;;;;;;;;
R 764;Karlstejn;Beroun;20:07:15;;;;;;;;
N 31 54 597 5 004;Beroun;Karlstejn;20:08:15;;;;;;;;
Os 8845;Karlstejn,hrad;Beroun;20:09:15;;;;;;;;
N 31 54 597 5 004;Karlstejn;Beroun;20:10:15;;;;;;;;
R 764;Beroun;Karlstejn;20:11:15;;;;;;;;
Os 8845;Beroun;Karlstejn,hrad;20:12:15;;;;;;;;
R 764;Karlstejn;Beroun;20:13:15;;;;;;;;
N 31 54 597 5 004;Beroun;Karlstejn;20:14:15;;;;;;;;
Os 8845;Karlstejn,hrad;Beroun;20:15:15;;;;;;;;
N 31 54 597 5 004;Karlstejn;Beroun;20:16:15;;;;;;;;
R 764;Beroun;Karlstejn;20:17:15;;;;;;;;
Os 8845;Beroun;Karlstejn,hrad;20:18:15;;;;;;;;
R 764;Karlstejn;Beroun;20:19:15;;;;;;;;
N 31 54 597 5 004;Beroun;Karlstejn;20:20:15;;;;;;;;
Os 8845;Karlstejn,hrad;Beroun;20:21:15;;;;;;;;
N 31 54 597 5 004;Karlstejn;Beroun;20:22:15;;;;;;;;
R 764;Beroun;Karlstejn;20:23:15;;;;;;;;
Os 8845;Beroun;Karlstejn,hrad;20:24:15;;;;;;;;
R 764;Karlstejn;Beroun;20:25:15;;;;;;;;
N 31 54 597 5 004;Beroun;Karlstejn;20:26:15;;;;;;;;
Os 8845;Karlstejn,hrad;Beroun;20:27:15;;;;;;;;
N 31 54 597 5 004;Karlstejn;Beroun;20:28:15;;;;;;;;
R 764;Beroun;Karlstejn;20:29:15;;;;;;;;
Os 8845;Beroun;Karlstejn,hrad;20:30:15;;;;;;;;
R 764;Karlstejn;Beroun;20:31:15;;;;;;;;
N 31 54 597 5 004;Beroun;Karlstejn;20:32:15;;;;;;;;
Os 8845;Karlstejn,hrad;Beroun;20:33:15;;;;;;;;
N 31 54 597 5 004;Karlstejn;Beroun;20:34:15;;;;;;;;
R 764;Beroun;Karlstejn;20:35:15;;;;;;;;
Os 8845;Beroun;Karlstejn,hrad;20:36:15;;;;;;;;
R 764;Karlstejn;Beroun;20:37:15;;;;;;;;
N 31 54 597 5 004;Beroun;Karlstejn;20:38:15;;;;;;;;
Os 8845;Karlstejn,hrad;Beroun;20:39:15;;;;;;;;
N 31 54 597 5 004;Karlstejn;Beroun;20:40:15;;;;;;;;
R 764;Beroun;Karlstejn;20:41:15;;;;;;;;
Os 8845;Beroun;Karlstejn,hrad;20:42:15;;;;;;;;
R 764;Karlstejn;Beroun;20:43:15;;;;;;;;
N 31 54 597 5 004;Beroun;Karlstejn;20:44:15;;;;;;;;
Os 8845;Karlstejn,hrad;Beroun;20:45:15;;;;;;;;
N 31 54 597 5 004;Karlstejn;Beroun;20:46:15;;;;;;;;
R 764;Beroun;Karlstejn;20:47:15;;;;;;;;
Os 8845;Beroun;Karlstejn,hrad;20:48:15;;;;;;;;
R 764;Karlstejn;Beroun;20:49:15;;;;;;;;
N 31 54 597 5 004;Beroun;Karlstejn;20:50:15;;;;;;;;
Os 8845;Karlstejn,hrad;Beroun;20:51:15;;;;;;;;
N 31 54 597 5 004;Karlstejn;Beroun;20:52:15;;;;;;;;
R 764;Beroun;Karlstejn;20:53:15;;;;;;;;
Os 8845;Beroun;Karlstejn,hrad;20:54:15;;;;;;;;
R 764;Karlstejn;Beroun;20:55:15;;;;;;;;
N 31 54 597 5 004;Beroun;Karlstejn;20:56:15;;;;;;;;
Os 8845;Karlstejn,hrad;Beroun;20:57:15;;;;;;;;
N 31 54 597 5 004;Karlstejn;Beroun;20:58:15;;;;;;;;
R 764;Beroun;Karlstejn;20:59:15;;;;;;;;
Os 8845;Beroun;Karlstejn,hrad;21:00:15;;;;;;;;
R 764;Karlstejn;Beroun;21:01:15;;;;;;;;
N 31 54 597 5 004;Beroun;Karlstejn;21:02:15;;;;;;;;
Os 8845;Karlstejn,hrad;Beroun;21:03:15;;;;;;;;
N 31 54 597 5 004;Karlstejn;Beroun;21:04:15;;;;;;;;
R 764;Beroun;Karlstejn;21:05:15;;;;;;;;
Os 8845;Beroun;Karlstejn,hrad;21:06:15;;;;;;;;
R 764;Karlstejn;Beroun;21:07:15;;;;;;;;
N 31 54 597 5 004;Beroun;Karlstejn;21:08:15;;;;;;;;
Os 8845;Karlstejn,hrad;Beroun;21:09:15;;;;;;;;
N 31 54 597 5 004;Karlstejn;Beroun;21:10:15;;;;;;;;
R 764;Beroun;Karlstejn;21:11:15;;;;;;;;
Os 8845;Beroun;Karlstejn,hrad;21:12:15;;;;;;;;
R 764;Karlstejn;Beroun;21:13:15;;;;;;;;
N 31 54 597 5 004;Beroun;Karlstejn;21:14:15;;;;;;;;
Os 8845;Karlstejn,hrad;Beroun;21:15:15;;;;;;;;
N 31 54 597 5 004;Karlstejn;Beroun;21:16:15;;;;;;;;
R 764;Beroun;Karlstejn;21:17:15;;;;;;;;
Os 8845;Beroun;Karlstejn,hrad;21:18:15;;;;;;;;
R 764;Karlstejn;Beroun;21:19:15;;;;;;;;
N 31 54 597 5 004;Beroun;Karlstejn;21:20:15;;;;;;;;
Os 8845;Karlstejn,hrad;Beroun;21:21:15;;;;;;;;
N 31 54 597 5 004;Karlstejn;Beroun;21:22:15;;;;;;;;
R 764;Beroun;Karlstejn;21:23:15;;;;;;;;
Os 8845;Beroun;Karlstejn,hrad;21:24:15;;;;;;;;
R 764;Karlstejn;Beroun;21:25:15;;;;;;;;
N 31 54 597 5 004;Beroun;Karlstejn;21:26:15;;;;;;;;
Os 8845;Karlstejn,hrad;Beroun;21:27:15;;;;;;;;
N 31 54 597 5 004;Karlstejn;Beroun;21:28:15;;;;;;;;
R 764;Beroun;Karlstejn;21:29:15;;;;;;;;
Os 8845;Beroun;Karlstejn,hrad;21:30:15;;;;;;;;
R 764;Karlstejn;Beroun;21:31:15;;;;;;;;
N 31 54 597 5 004;Beroun;Karlstejn;21:32:15;;;;;;;;
Os 8845;Karlstejn,hrad;Beroun;21:33:15;;;;;;;;
N 31 54 597 5 004;Karlstejn;Beroun;21:34:15;;;;;;;;
R 764;Beroun;Karlstejn;21:35:15;;;;;;;;
Os 8845;Beroun;Karlstejn,hrad;21:36:15;;;;;;;;
R 764;Karlstejn;Beroun;21:37:15;;;;;;;;
N 31 54 597 5 004;Beroun;Karlstejn;21:38:15;;;;;;;;
Os 8845;Karlstejn,hrad;Beroun;21:39:15;;;;;;;;
N 31 54 597 5 004;Karlstejn;Beroun;21:40:15;;;;;;;;
R 764;Beroun;Karlstejn;21:41:15;;;;;;;;
Os 8845;Beroun;Karlstejn,hrad;21:42:15;;;;;;;;
R 764;Karlstejn;Beroun;21:43:15;;;;;;;;
N 31 54 597 5 004;Beroun;Karlstejn;21:44:15;;;;;;;;
Os 8845;Karlstejn,hrad;Beroun;21:45:15;;;;;;;;
N 31 54 597 5 004;Karlstejn;Beroun;21:46:15;;;;;;;;
R 764;Beroun;Karlstejn;21:47:15;;;;;;;;
Os 8845;Beroun;Karlstejn,hrad;21:48:15;;;;;;;;
R 764;Karlstejn;Beroun;21:49:15;;;;;;;;
N 31 54 597 5 004;Beroun;Karlstejn;21:50:15;;;;;;;;
Os 8845;Karlstejn,hrad;Beroun;21:51:15;;;;;;;;
N 31 54 597 5 004;Karlstejn;Beroun;21:52:15;;;;;;;;
R 764;Beroun;Karlstejn;21:53:15;;;;;;;;
Os 8845;Beroun;Karlstejn,hrad;21:54:15;;;;;;;;
R 764;Karlstejn;Beroun;21:55:15;;;;;;;;
N 31 54 597 5 004;Beroun;Karlstejn;21:56:15;;;;;;;;
Os 8845;Karlstejn,hrad;Beroun;21:57:15;;;;;;;;
N 31 54 597 5 004;Karlstejn;Beroun;21:58:15;;;;;;;;
R 764;Beroun;Karlstejn;21:59:15;;;;;;;;
Os 8845;Beroun;Karlstejn,hrad;22:00:15;;;;;;;;
R 764;Karlstejn;Beroun;22:01:15;;;;;;;;
N 31 54 597 5 004;Beroun;Karlstejn;22:02:15;;;;;;;;
Os 8845;Karlstejn,hrad;Beroun;22:03:15;;;;;;;;
N 31 54 597 5 004;Karlstejn;Beroun;22:04:15;;;;;;;;
R 764;Beroun;Karlstejn;22:05:15;;;;;;;;
Os 8845;Beroun;Karlstejn,hrad;22:06:15;;;;;;;;
R 764;Karlstejn;Beroun;22:07:15;;;;;;;;
N 31 54 597 5 004;Beroun;Karlstejn;22:08:15;;;;;;;;
Os 8845;Karlstejn,hrad;Beroun;22:09:15;;;;;;;;
N 31 54 597 5 004;Karlstejn;Beroun;22:10:15;;;;;;;;
R 764;Beroun;Karlstejn;22:11:15;;;;;;;;
Os 8845;Beroun;Karlstejn,hrad;22:12:15;;;;;;;;
R 764;Karlstejn;Beroun;22:13:15;;;;;;;;
N 31 54 597 5 004;Beroun;Karlstejn;22:14:15;;;;;;;;
Os 8845;Karlstejn,hrad;Beroun;22:15:15;;;;;;;;
N 31 54 597 5 004;Karlstejn;Beroun;22:16:15;;;;;;;;
R 764;Beroun;Karlstejn;22:17:15;;;;;;;;
Os 8845;Beroun;Karlstejn,hrad;22:18:15;;;;;;;;
R 764;Karlstejn;Beroun;22:19:15;;;;;;;;
N 31 54 597 5 004;Beroun;Karlstejn;22:20:15;;;;;;;;
Os 8845;Karlstejn,hrad;Beroun;22:21:15;;;;;;;;
N 31 54 597 5 004;Karlstejn;Beroun;22:22:15;;;;;;;;
R 764;Beroun;Karlstejn;22:23:15;;;;;;;;
Os 8845;Beroun;Karlstejn,hrad;22:24:15;;;;;;;;
R 764;Karlstejn;Beroun;22:25:15;;;;;;;;
N 31 54 597 5 004;Beroun;Karlstejn;22:26:15;;;;;;;;
Os 8845;Karlstejn,hrad;Beroun;22:27:15;;;;;;;;
N 31 54 597 5 004;Karlstejn;Beroun;22:28:15;;;;;;;;
R 764;Beroun;Karlstejn;22:29:15;;;;;;;;
Os 8845;Beroun;Karlstejn,hrad;22:30:15;;;;;;;;
R 764;Karlstejn;Beroun;22:31:15;;;;;;;;
N 31 54 597 5 004;Beroun;Karlstejn;22:32:15;;;;;;;;
Os 8845;Karlstejn,hrad;Beroun;22:33:15;;;;;;;;
N 31 54 597 5 004;Karlstejn;Beroun;22:34:15;;;;;;;;
R 764;Beroun;Karlstejn;22:35:15;;;;;;;;
Os 8845;Beroun;Karlstejn,hrad;22:36:15;;;;;;;;
R 764;Karlstejn;Beroun;22:37:15;;;;;;;;
N 31 54 597 5 004;Beroun;Karlstejn;22:38:15;;;;;;;;
Os 8845;Karlstejn,hrad;Beroun;22:39:15;;;;;;;;
N 31 54 597 5 004;Karlstejn;Beroun;22:40:15;;;;;;;;
R 764;Beroun;Karlstejn;22:41:15;;;;;;;;
Os 8845;Beroun;Karlstejn,hrad;22:42:15;;;;;;;;
R 764;Karlstejn;Beroun;22:43:15;;;;;;;;
N 31 54 597 5 004;Beroun;Karlstejn;22:44:15;;;;;;;;
Os 8845;Karlstejn,hrad;Beroun;22:45:15;;;;;;;;
N 31 54 597 5 004;Karlstejn;Beroun;22:46:15;;;;;;;;
R 764;Beroun;Karlstejn;22:47:15;;;;;;;;
Os 8845;Beroun;Karlstejn,hrad;22:48:15;;;;;;;;
R 764;Karlstejn;Beroun;22:49:15;;;;;;;;
N 31 54 597 5 004;Beroun;Karlstejn;22:50:15;;;;;;;;
Os 8845;Karlstejn,hrad;Beroun;22:51:15;;;;;;;;
N 31 54 597 5 004;Karlstejn;Beroun;22:52:15;;;;;;;;
R 764;Beroun;Karlstejn;22:53:15;;;;;;;;
Os 8845;Beroun;Karlstejn,hrad;22:54:15;;;;;;;;
R 764;Karlstejn;Beroun;22:55:15;;;;;;;;
N 31 54 597 5 004;Beroun;Karlstejn;22:56:15;;;;;;;;
Os 8845;Karlstejn,hrad;Beroun;22:57:15;;;;;;;;
N 31 54 597 5 004;Karlstejn;Beroun;22:58:15;;;;;;;;
R 764;Beroun;Karlstejn;22:59:15;;;;;;;;
Os 8845;Beroun;Karlstejn,hrad;23:00:15;;;;;;;;
R 764;Karlstejn;Beroun;23:01:15;;;;;;;;
N 31 54 597 5 004;Beroun;Karlstejn;23:02:15;;;;;;;;
Os 8845;Karlstejn,hrad;Beroun;23:03:15;;;;;;;;
N 31 54 597 5 004;Karlstejn;Beroun;23:04:15;;;;;;;;
R 764;Beroun;Karlstejn;23:05:15;;;;;;;;
Os 8845;Beroun;Karlstejn,hrad;23:06:15;;;;;;;;
R 764;Karlstejn;Beroun;23:07:15;;;;;;;;
N 31 54 597 5 004;Beroun;Karlstejn;23:08:15;;;;;;;;
Os 8845;Karlstejn,hrad;Beroun;23:09:15;;;;;;;;
N 31 54 597 5 004;Karlstejn;Beroun;23:10:15;;;;;;;;
R 764;Beroun;Karlstejn;23:11:15;;;;;;;;
Os 8845;Beroun;Karlstejn,hrad;23:12:15;;;;;;;;
R 764;Karlstejn;Beroun;23:13:15;;;;;;;;
N 31 54 597 5 004;Beroun;Karlstejn;23:14:15;;;;;;;;
Os 8845;Karlstejn,hrad;Beroun;23:15:15;;;;;;;;
N 31 54 597 5 004;Karlstejn;Beroun;23:16:15;;;;;;;;
R 764;Beroun;Karlstejn;23:17:15;;;;;;;;
Os 8845;Beroun;Karlstejn,hrad;23:18:15;;;;;;;;
R 764;Karlstejn;Beroun;23:19:15;;;;;;;;
N 31 54 597 5 004;Beroun;Karlstejn;23:20:15;;;;;;;;
Os 8845;Karlstejn,hrad;Beroun;23:21:15;;;;;;;;
N 31 54 597 5 004;Karlstejn;Beroun;23:22:15;;;;;;;;
R 764;Beroun;Karlstejn;23:23:15;;;;;;;;
Os 8845;Beroun;Karlstejn,hrad;23:24:15;;;;;;;;
R 764;Karlstejn;Beroun;23:25:15;;;;;;;;
N 31 54 597 5 004;Beroun;Karlstejn;23:26:15;;;;;;;;
Os 8845;Karlstejn,hrad;Beroun;23:27:15;;;;;;;;
N 31 54 597 5 004;Karlstejn;Beroun;23:28:15;;;;;;;;
R 764;Beroun;Karlstejn;23:29:15;;;;;;;;
Os 8845;Beroun;Karlstejn,hrad;23:30:15;;;;;;;;
R 764;Karlstejn;Beroun;23:31:15;;;;;;;;
N 31 54 597 5 004;Beroun;Karlstejn;23:32:15;;;;;;;;
Os 8845;Karlstejn,hrad;Beroun;23:33:15;;;;;;;;
N 31 54 597 5 004;Karlstejn;Beroun;23:34:15;;;;;;;;
R 764;Beroun;Karlstejn;23:35:15;;;;;;;;
Os 8845;Beroun;Karlstejn,hrad;23:36:15;;;;;;;;
R 764;Karlstejn;Beroun;23:37:15;;;;;;;;
N 31 54 597 5 004;Beroun;Karlstejn;23:38:15;;;;;;;;
Os 8845;Karlstejn,hrad;Beroun;23:39:15;;;;;;;;
N 31 54 597 5 004;Karlstejn;Beroun;23:40:15;;;;;;;;
R 764;Beroun;Karlstejn;23:41:15;;;;;;;;
Os 8845;Beroun;Karlstejn,hrad;23:42:15;;;;;;;;
R 764;Karlstejn;Beroun;23:43:15;;;;;;;;
N 31 54 597 5 004;Beroun;Karlstejn;23:44:15;;;;;;;;
Os 8845;Karlstejn,hrad;Beroun;23:45:15;;;;;;;;
N 31 54 597 5 004;Karlstejn;Beroun;23:46:15;;;;;;;;
R 764;Beroun;Karlstejn;23:47:15;;;;;;;;
Os 8845;Beroun;Karlstejn,hrad;23:48:15;;;;;;;;
R 764;Karlstejn;Beroun;23:49:15;;;;;;;;
N 31 54 597 5 004;Beroun;Karlstejn;23:50:15;;;;;;;;
Os 8845;Karlstejn,hrad;Beroun;23:51:15;;;;;;;;
N 31 54 597 5 004;Karlstejn;Beroun;23:52:15;;;;;;;;
R 764;Beroun;Karlstejn;23:53:15;;;;;;;;
Os 8845;Beroun;Karlstejn,hrad;23:54:15;;;;;;;;
R 764;Karlstejn;Beroun;23:55:15;;;;;;;;
N 31 54 597 5 004;Beroun;Karlstejn;23:56:15;;;;;;;;
Os 8845;Karlstejn,hrad;Beroun;23:57:15;;;;;;;;
N 31 54 597 5 004;Karlstejn;Beroun;23:58:15;;;;;;;;
R 764;Beroun;Karlstejn;23:59:15;;;;;;;;
